StableReference	Kind	Mechanisation	ReviewState
route_industrialised_food_staples_001	planned-production	period-and-concept-specific	DependencyReviewed
route_industrialised_food_staples_002	planned-production	period-and-concept-specific	DependencyReviewed
route_industrialised_food_staples_003	planned-production	period-and-concept-specific	DependencyReviewed
route_industrialised_food_staples_004	planned-production	period-and-concept-specific	DependencyReviewed
route_industrialised_food_staples_005	planned-production	period-and-concept-specific	DependencyReviewed
route_industrialised_food_staples_006	planned-production	period-and-concept-specific	DependencyReviewed
route_industrialised_food_staples_007	planned-production	period-and-concept-specific	DependencyReviewed
route_industrialised_food_staples_008	planned-production	period-and-concept-specific	DependencyReviewed
route_industrialised_food_staples_009	planned-production	period-and-concept-specific	DependencyReviewed
route_industrialised_food_staples_010	planned-production	period-and-concept-specific	DependencyReviewed
route_industrial_food_staples_001	planned-production	period-and-concept-specific	DependencyReviewed
route_industrial_food_staples_002	planned-production	period-and-concept-specific	DependencyReviewed
route_modern_food_staples_001	planned-production	period-and-concept-specific	DependencyReviewed
route_modern_food_staples_002	planned-production	period-and-concept-specific	DependencyReviewed
route_modern_food_staples_003	planned-production	period-and-concept-specific	DependencyReviewed
route_nuclear_food_staples_001	planned-production	period-and-concept-specific	DependencyReviewed
route_information_food_staples_001	planned-production	period-and-concept-specific	DependencyReviewed
route_industrialised_food_baking_001	planned-production	period-and-concept-specific	DependencyReviewed
route_industrialised_food_baking_002	planned-production	period-and-concept-specific	DependencyReviewed
route_industrialised_food_baking_003	planned-production	period-and-concept-specific	DependencyReviewed
route_industrialised_food_baking_004	planned-production	period-and-concept-specific	DependencyReviewed
route_industrialised_food_baking_005	planned-production	period-and-concept-specific	DependencyReviewed
route_industrialised_food_baking_006	planned-production	period-and-concept-specific	DependencyReviewed
route_industrialised_food_baking_007	planned-production	period-and-concept-specific	DependencyReviewed
route_industrialised_food_baking_008	planned-production	period-and-concept-specific	DependencyReviewed
route_industrialised_food_baking_009	planned-production	period-and-concept-specific	DependencyReviewed
route_industrialised_food_baking_010	planned-production	period-and-concept-specific	DependencyReviewed
route_industrialised_food_baking_011	planned-production	period-and-concept-specific	DependencyReviewed
route_industrialised_food_baking_012	planned-production	period-and-concept-specific	DependencyReviewed
route_industrialised_food_baking_013	planned-production	period-and-concept-specific	DependencyReviewed
route_industrialised_food_baking_014	planned-production	period-and-concept-specific	DependencyReviewed
route_industrialised_food_baking_015	planned-production	period-and-concept-specific	DependencyReviewed
route_industrialised_food_baking_016	planned-production	period-and-concept-specific	DependencyReviewed
route_industrial_food_baking_001	planned-production	period-and-concept-specific	DependencyReviewed
route_industrial_food_baking_002	planned-production	period-and-concept-specific	DependencyReviewed
route_industrial_food_baking_003	planned-production	period-and-concept-specific	DependencyReviewed
route_modern_food_baking_001	planned-production	period-and-concept-specific	DependencyReviewed
route_modern_food_baking_002	planned-production	period-and-concept-specific	DependencyReviewed
route_modern_food_baking_003	planned-production	period-and-concept-specific	DependencyReviewed
route_modern_food_baking_004	planned-production	period-and-concept-specific	DependencyReviewed
route_modern_food_baking_005	planned-production	period-and-concept-specific	DependencyReviewed
route_nuclear_food_baking_001	planned-production	period-and-concept-specific	DependencyReviewed
route_nuclear_food_baking_002	planned-production	period-and-concept-specific	DependencyReviewed
route_information_food_baking_001	planned-production	period-and-concept-specific	DependencyReviewed
route_information_food_baking_002	planned-production	period-and-concept-specific	DependencyReviewed
route_industrialised_food_noodle_dumpling_001	planned-production	period-and-concept-specific	DependencyReviewed
route_industrialised_food_noodle_dumpling_002	planned-production	period-and-concept-specific	DependencyReviewed
route_industrialised_food_noodle_dumpling_003	planned-production	period-and-concept-specific	DependencyReviewed
route_industrialised_food_noodle_dumpling_004	planned-production	period-and-concept-specific	DependencyReviewed
route_industrialised_food_noodle_dumpling_005	planned-production	period-and-concept-specific	DependencyReviewed
route_industrialised_food_noodle_dumpling_006	planned-production	period-and-concept-specific	DependencyReviewed
route_industrialised_food_noodle_dumpling_007	planned-production	period-and-concept-specific	DependencyReviewed
route_industrialised_food_noodle_dumpling_008	planned-production	period-and-concept-specific	DependencyReviewed
route_industrialised_food_noodle_dumpling_009	planned-production	period-and-concept-specific	DependencyReviewed
route_industrialised_food_noodle_dumpling_010	planned-production	period-and-concept-specific	DependencyReviewed
route_industrialised_food_noodle_dumpling_011	planned-production	period-and-concept-specific	DependencyReviewed
route_industrialised_food_noodle_dumpling_012	planned-production	period-and-concept-specific	DependencyReviewed
route_industrialised_food_noodle_dumpling_013	planned-production	period-and-concept-specific	DependencyReviewed
route_industrialised_food_noodle_dumpling_014	planned-production	period-and-concept-specific	DependencyReviewed
route_industrial_food_noodle_dumpling_001	planned-production	period-and-concept-specific	DependencyReviewed
route_industrial_food_noodle_dumpling_002	planned-production	period-and-concept-specific	DependencyReviewed
route_modern_food_noodle_dumpling_001	planned-production	period-and-concept-specific	DependencyReviewed
route_modern_food_noodle_dumpling_002	planned-production	period-and-concept-specific	DependencyReviewed
route_modern_food_noodle_dumpling_003	planned-production	period-and-concept-specific	DependencyReviewed
route_modern_food_noodle_dumpling_004	planned-production	period-and-concept-specific	DependencyReviewed
route_nuclear_food_noodle_dumpling_001	planned-production	period-and-concept-specific	DependencyReviewed
route_information_food_noodle_dumpling_001	planned-production	period-and-concept-specific	DependencyReviewed
route_information_food_noodle_dumpling_002	planned-production	period-and-concept-specific	DependencyReviewed
route_industrialised_food_plant_001	planned-production	period-and-concept-specific	DependencyReviewed
route_industrialised_food_plant_002	planned-production	period-and-concept-specific	DependencyReviewed
route_industrialised_food_plant_003	planned-production	period-and-concept-specific	DependencyReviewed
route_industrialised_food_plant_004	planned-production	period-and-concept-specific	DependencyReviewed
route_industrialised_food_plant_005	planned-production	period-and-concept-specific	DependencyReviewed
route_industrialised_food_plant_006	planned-production	period-and-concept-specific	DependencyReviewed
route_industrialised_food_plant_007	planned-production	period-and-concept-specific	DependencyReviewed
route_industrialised_food_plant_008	planned-production	period-and-concept-specific	DependencyReviewed
route_industrialised_food_plant_009	planned-production	period-and-concept-specific	DependencyReviewed
route_industrialised_food_plant_010	planned-production	period-and-concept-specific	DependencyReviewed
route_industrialised_food_plant_011	planned-production	period-and-concept-specific	DependencyReviewed
route_industrialised_food_plant_012	planned-production	period-and-concept-specific	DependencyReviewed
route_industrialised_food_plant_013	planned-production	period-and-concept-specific	DependencyReviewed
route_industrialised_food_plant_014	planned-production	period-and-concept-specific	DependencyReviewed
route_industrial_food_plant_001	planned-production	period-and-concept-specific	DependencyReviewed
route_industrial_food_plant_002	planned-production	period-and-concept-specific	DependencyReviewed
route_modern_food_plant_001	planned-production	period-and-concept-specific	DependencyReviewed
route_modern_food_plant_002	planned-production	period-and-concept-specific	DependencyReviewed
route_modern_food_plant_003	planned-production	period-and-concept-specific	DependencyReviewed
route_modern_food_plant_004	planned-production	period-and-concept-specific	DependencyReviewed
route_nuclear_food_plant_001	planned-production	period-and-concept-specific	DependencyReviewed
route_information_food_plant_001	planned-production	period-and-concept-specific	DependencyReviewed
route_information_food_plant_002	planned-production	period-and-concept-specific	DependencyReviewed
route_industrialised_food_fruit_nut_001	planned-production	period-and-concept-specific	DependencyReviewed
route_industrialised_food_fruit_nut_002	planned-production	period-and-concept-specific	DependencyReviewed
route_industrialised_food_fruit_nut_003	planned-production	period-and-concept-specific	DependencyReviewed
route_industrialised_food_fruit_nut_004	planned-production	period-and-concept-specific	DependencyReviewed
route_industrialised_food_fruit_nut_005	planned-production	period-and-concept-specific	DependencyReviewed
route_industrialised_food_fruit_nut_006	planned-production	period-and-concept-specific	DependencyReviewed
route_industrialised_food_fruit_nut_007	planned-production	period-and-concept-specific	DependencyReviewed
route_industrialised_food_fruit_nut_008	planned-production	period-and-concept-specific	DependencyReviewed
route_industrialised_food_fruit_nut_009	planned-production	period-and-concept-specific	DependencyReviewed
route_industrialised_food_fruit_nut_010	planned-production	period-and-concept-specific	DependencyReviewed
route_industrial_food_fruit_nut_001	planned-production	period-and-concept-specific	DependencyReviewed
route_modern_food_fruit_nut_001	planned-production	period-and-concept-specific	DependencyReviewed
route_modern_food_fruit_nut_002	planned-production	period-and-concept-specific	DependencyReviewed
route_modern_food_fruit_nut_003	planned-production	period-and-concept-specific	DependencyReviewed
route_nuclear_food_fruit_nut_001	planned-production	period-and-concept-specific	DependencyReviewed
route_information_food_fruit_nut_001	planned-production	period-and-concept-specific	DependencyReviewed
route_information_food_fruit_nut_002	planned-production	period-and-concept-specific	DependencyReviewed
route_industrialised_food_dairy_egg_001	planned-production	period-and-concept-specific	DependencyReviewed
route_industrialised_food_dairy_egg_002	planned-production	period-and-concept-specific	DependencyReviewed
route_industrialised_food_dairy_egg_003	planned-production	period-and-concept-specific	DependencyReviewed
route_industrialised_food_dairy_egg_004	planned-production	period-and-concept-specific	DependencyReviewed
route_industrialised_food_dairy_egg_005	planned-production	period-and-concept-specific	DependencyReviewed
route_industrialised_food_dairy_egg_006	planned-production	period-and-concept-specific	DependencyReviewed
route_industrialised_food_dairy_egg_007	planned-production	period-and-concept-specific	DependencyReviewed
route_industrialised_food_dairy_egg_008	planned-production	period-and-concept-specific	DependencyReviewed
route_industrialised_food_dairy_egg_009	planned-production	period-and-concept-specific	DependencyReviewed
route_industrialised_food_dairy_egg_010	planned-production	period-and-concept-specific	DependencyReviewed
route_industrialised_food_dairy_egg_011	planned-production	period-and-concept-specific	DependencyReviewed
route_industrialised_food_dairy_egg_012	planned-production	period-and-concept-specific	DependencyReviewed
route_industrialised_food_dairy_egg_013	planned-production	period-and-concept-specific	DependencyReviewed
route_industrialised_food_dairy_egg_014	planned-production	period-and-concept-specific	DependencyReviewed
route_industrial_food_dairy_egg_001	planned-production	period-and-concept-specific	DependencyReviewed
route_industrial_food_dairy_egg_002	planned-production	period-and-concept-specific	DependencyReviewed
route_modern_food_dairy_egg_001	planned-production	period-and-concept-specific	DependencyReviewed
route_modern_food_dairy_egg_002	planned-production	period-and-concept-specific	DependencyReviewed
route_modern_food_dairy_egg_003	planned-production	period-and-concept-specific	DependencyReviewed
route_modern_food_dairy_egg_004	planned-production	period-and-concept-specific	DependencyReviewed
route_nuclear_food_dairy_egg_001	planned-production	period-and-concept-specific	DependencyReviewed
route_information_food_dairy_egg_001	planned-production	period-and-concept-specific	DependencyReviewed
route_information_food_dairy_egg_002	planned-production	period-and-concept-specific	DependencyReviewed
route_industrialised_food_meat_offal_001	planned-production	period-and-concept-specific	DependencyReviewed
route_industrialised_food_meat_offal_002	planned-production	period-and-concept-specific	DependencyReviewed
route_industrialised_food_meat_offal_003	planned-production	period-and-concept-specific	DependencyReviewed
route_industrialised_food_meat_offal_004	planned-production	period-and-concept-specific	DependencyReviewed
route_industrialised_food_meat_offal_005	planned-production	period-and-concept-specific	DependencyReviewed
route_industrialised_food_meat_offal_006	planned-production	period-and-concept-specific	DependencyReviewed
route_industrialised_food_meat_offal_007	planned-production	period-and-concept-specific	DependencyReviewed
route_industrialised_food_meat_offal_008	planned-production	period-and-concept-specific	DependencyReviewed
route_industrialised_food_meat_offal_009	planned-production	period-and-concept-specific	DependencyReviewed
route_industrialised_food_meat_offal_010	planned-production	period-and-concept-specific	DependencyReviewed
route_industrialised_food_meat_offal_011	planned-production	period-and-concept-specific	DependencyReviewed
route_industrialised_food_meat_offal_012	planned-production	period-and-concept-specific	DependencyReviewed
route_industrialised_food_meat_offal_013	planned-production	period-and-concept-specific	DependencyReviewed
route_industrialised_food_meat_offal_014	planned-production	period-and-concept-specific	DependencyReviewed
route_industrialised_food_meat_offal_015	planned-production	period-and-concept-specific	DependencyReviewed
route_industrialised_food_meat_offal_016	planned-production	period-and-concept-specific	DependencyReviewed
route_industrial_food_meat_offal_001	planned-production	period-and-concept-specific	DependencyReviewed
route_industrial_food_meat_offal_002	planned-production	period-and-concept-specific	DependencyReviewed
route_industrial_food_meat_offal_003	planned-production	period-and-concept-specific	DependencyReviewed
route_modern_food_meat_offal_001	planned-production	period-and-concept-specific	DependencyReviewed
route_modern_food_meat_offal_002	planned-production	period-and-concept-specific	DependencyReviewed
route_modern_food_meat_offal_003	planned-production	period-and-concept-specific	DependencyReviewed
route_modern_food_meat_offal_004	planned-production	period-and-concept-specific	DependencyReviewed
route_modern_food_meat_offal_005	planned-production	period-and-concept-specific	DependencyReviewed
route_nuclear_food_meat_offal_001	planned-production	period-and-concept-specific	DependencyReviewed
route_nuclear_food_meat_offal_002	planned-production	period-and-concept-specific	DependencyReviewed
route_information_food_meat_offal_001	planned-production	period-and-concept-specific	DependencyReviewed
route_information_food_meat_offal_002	planned-production	period-and-concept-specific	DependencyReviewed
route_industrialised_food_aquatic_001	planned-production	period-and-concept-specific	DependencyReviewed
route_industrialised_food_aquatic_002	planned-production	period-and-concept-specific	DependencyReviewed
route_industrialised_food_aquatic_003	planned-production	period-and-concept-specific	DependencyReviewed
route_industrialised_food_aquatic_004	planned-production	period-and-concept-specific	DependencyReviewed
route_industrialised_food_aquatic_005	planned-production	period-and-concept-specific	DependencyReviewed
route_industrialised_food_aquatic_006	planned-production	period-and-concept-specific	DependencyReviewed
route_industrialised_food_aquatic_007	planned-production	period-and-concept-specific	DependencyReviewed
route_industrialised_food_aquatic_008	planned-production	period-and-concept-specific	DependencyReviewed
route_industrialised_food_aquatic_009	planned-production	period-and-concept-specific	DependencyReviewed
route_industrialised_food_aquatic_010	planned-production	period-and-concept-specific	DependencyReviewed
route_industrial_food_aquatic_001	planned-production	period-and-concept-specific	DependencyReviewed
route_industrial_food_aquatic_002	planned-production	period-and-concept-specific	DependencyReviewed
route_modern_food_aquatic_001	planned-production	period-and-concept-specific	DependencyReviewed
route_modern_food_aquatic_002	planned-production	period-and-concept-specific	DependencyReviewed
route_modern_food_aquatic_003	planned-production	period-and-concept-specific	DependencyReviewed
route_nuclear_food_aquatic_001	planned-production	period-and-concept-specific	DependencyReviewed
route_information_food_aquatic_001	planned-production	period-and-concept-specific	DependencyReviewed
route_industrialised_food_composite_001	planned-production	period-and-concept-specific	DependencyReviewed
route_industrialised_food_composite_002	planned-production	period-and-concept-specific	DependencyReviewed
route_industrialised_food_composite_003	planned-production	period-and-concept-specific	DependencyReviewed
route_industrialised_food_composite_004	planned-production	period-and-concept-specific	DependencyReviewed
route_industrialised_food_composite_005	planned-production	period-and-concept-specific	DependencyReviewed
route_industrialised_food_composite_006	planned-production	period-and-concept-specific	DependencyReviewed
route_industrialised_food_composite_007	planned-production	period-and-concept-specific	DependencyReviewed
route_industrialised_food_composite_008	planned-production	period-and-concept-specific	DependencyReviewed
route_industrialised_food_composite_009	planned-production	period-and-concept-specific	DependencyReviewed
route_industrialised_food_composite_010	planned-production	period-and-concept-specific	DependencyReviewed
route_industrialised_food_composite_011	planned-production	period-and-concept-specific	DependencyReviewed
route_industrialised_food_composite_012	planned-production	period-and-concept-specific	DependencyReviewed
route_industrialised_food_composite_013	planned-production	period-and-concept-specific	DependencyReviewed
route_industrialised_food_composite_014	planned-production	period-and-concept-specific	DependencyReviewed
route_industrialised_food_composite_015	planned-production	period-and-concept-specific	DependencyReviewed
route_industrialised_food_composite_016	planned-production	period-and-concept-specific	DependencyReviewed
route_industrialised_food_composite_017	planned-production	period-and-concept-specific	DependencyReviewed
route_industrialised_food_composite_018	planned-production	period-and-concept-specific	DependencyReviewed
route_industrialised_food_composite_019	planned-production	period-and-concept-specific	DependencyReviewed
route_industrialised_food_composite_020	planned-production	period-and-concept-specific	DependencyReviewed
route_industrialised_food_composite_021	planned-production	period-and-concept-specific	DependencyReviewed
route_industrialised_food_composite_022	planned-production	period-and-concept-specific	DependencyReviewed
route_industrialised_food_composite_023	planned-production	period-and-concept-specific	DependencyReviewed
route_industrialised_food_composite_024	planned-production	period-and-concept-specific	DependencyReviewed
route_industrialised_food_composite_025	planned-production	period-and-concept-specific	DependencyReviewed
route_industrialised_food_composite_026	planned-production	period-and-concept-specific	DependencyReviewed
route_industrialised_food_composite_027	planned-production	period-and-concept-specific	DependencyReviewed
route_industrialised_food_composite_028	planned-production	period-and-concept-specific	DependencyReviewed
route_industrial_food_composite_001	planned-production	period-and-concept-specific	DependencyReviewed
route_industrial_food_composite_002	planned-production	period-and-concept-specific	DependencyReviewed
route_industrial_food_composite_003	planned-production	period-and-concept-specific	DependencyReviewed
route_industrial_food_composite_004	planned-production	period-and-concept-specific	DependencyReviewed
route_industrial_food_composite_005	planned-production	period-and-concept-specific	DependencyReviewed
route_modern_food_composite_001	planned-production	period-and-concept-specific	DependencyReviewed
route_modern_food_composite_002	planned-production	period-and-concept-specific	DependencyReviewed
route_modern_food_composite_003	planned-production	period-and-concept-specific	DependencyReviewed
route_modern_food_composite_004	planned-production	period-and-concept-specific	DependencyReviewed
route_modern_food_composite_005	planned-production	period-and-concept-specific	DependencyReviewed
route_modern_food_composite_006	planned-production	period-and-concept-specific	DependencyReviewed
route_modern_food_composite_007	planned-production	period-and-concept-specific	DependencyReviewed
route_modern_food_composite_008	planned-production	period-and-concept-specific	DependencyReviewed
route_modern_food_composite_009	planned-production	period-and-concept-specific	DependencyReviewed
route_nuclear_food_composite_001	planned-production	period-and-concept-specific	DependencyReviewed
route_nuclear_food_composite_002	planned-production	period-and-concept-specific	DependencyReviewed
route_nuclear_food_composite_003	planned-production	period-and-concept-specific	DependencyReviewed
route_information_food_composite_001	planned-production	period-and-concept-specific	DependencyReviewed
route_information_food_composite_002	planned-production	period-and-concept-specific	DependencyReviewed
route_information_food_composite_003	planned-production	period-and-concept-specific	DependencyReviewed
route_information_food_composite_004	planned-production	period-and-concept-specific	DependencyReviewed
route_information_food_composite_005	planned-production	period-and-concept-specific	DependencyReviewed
route_industrialised_food_preserve_condiment_001	planned-production	period-and-concept-specific	DependencyReviewed
route_industrialised_food_preserve_condiment_002	planned-production	period-and-concept-specific	DependencyReviewed
route_industrialised_food_preserve_condiment_003	planned-production	period-and-concept-specific	DependencyReviewed
route_industrialised_food_preserve_condiment_004	planned-production	period-and-concept-specific	DependencyReviewed
route_industrialised_food_preserve_condiment_005	planned-production	period-and-concept-specific	DependencyReviewed
route_industrialised_food_preserve_condiment_006	planned-production	period-and-concept-specific	DependencyReviewed
route_industrialised_food_preserve_condiment_007	planned-production	period-and-concept-specific	DependencyReviewed
route_industrialised_food_preserve_condiment_008	planned-production	period-and-concept-specific	DependencyReviewed
route_industrialised_food_preserve_condiment_009	planned-production	period-and-concept-specific	DependencyReviewed
route_industrialised_food_preserve_condiment_010	planned-production	period-and-concept-specific	DependencyReviewed
route_industrialised_food_preserve_condiment_011	planned-production	period-and-concept-specific	DependencyReviewed
route_industrialised_food_preserve_condiment_012	planned-production	period-and-concept-specific	DependencyReviewed
route_industrialised_food_preserve_condiment_013	planned-production	period-and-concept-specific	DependencyReviewed
route_industrialised_food_preserve_condiment_014	planned-production	period-and-concept-specific	DependencyReviewed
route_industrial_food_preserve_condiment_001	planned-production	period-and-concept-specific	DependencyReviewed
route_industrial_food_preserve_condiment_002	planned-production	period-and-concept-specific	DependencyReviewed
route_industrial_food_preserve_condiment_003	planned-production	period-and-concept-specific	DependencyReviewed
route_modern_food_preserve_condiment_001	planned-production	period-and-concept-specific	DependencyReviewed
route_modern_food_preserve_condiment_002	planned-production	period-and-concept-specific	DependencyReviewed
route_modern_food_preserve_condiment_003	planned-production	period-and-concept-specific	DependencyReviewed
route_modern_food_preserve_condiment_004	planned-production	period-and-concept-specific	DependencyReviewed
route_nuclear_food_preserve_condiment_001	planned-production	period-and-concept-specific	DependencyReviewed
route_information_food_preserve_condiment_001	planned-production	period-and-concept-specific	DependencyReviewed
route_information_food_preserve_condiment_002	planned-production	period-and-concept-specific	DependencyReviewed
route_industrialised_food_intermediate_001	planned-production	period-and-concept-specific	DependencyReviewed
route_industrialised_food_intermediate_002	planned-production	period-and-concept-specific	DependencyReviewed
route_industrialised_food_intermediate_003	planned-production	period-and-concept-specific	DependencyReviewed
route_industrialised_food_intermediate_004	planned-production	period-and-concept-specific	DependencyReviewed
route_industrialised_food_intermediate_005	planned-production	period-and-concept-specific	DependencyReviewed
route_industrialised_food_intermediate_006	planned-production	period-and-concept-specific	DependencyReviewed
route_industrialised_food_intermediate_007	planned-production	period-and-concept-specific	DependencyReviewed
route_industrialised_food_intermediate_008	planned-production	period-and-concept-specific	DependencyReviewed
route_industrialised_food_intermediate_009	planned-production	period-and-concept-specific	DependencyReviewed
route_industrialised_food_intermediate_010	planned-production	period-and-concept-specific	DependencyReviewed
route_industrialised_food_intermediate_011	planned-production	period-and-concept-specific	DependencyReviewed
route_industrialised_food_intermediate_012	planned-production	period-and-concept-specific	DependencyReviewed
route_industrialised_food_intermediate_013	planned-production	period-and-concept-specific	DependencyReviewed
route_industrialised_food_intermediate_014	planned-production	period-and-concept-specific	DependencyReviewed
route_industrial_food_intermediate_001	planned-production	period-and-concept-specific	DependencyReviewed
route_industrial_food_intermediate_002	planned-production	period-and-concept-specific	DependencyReviewed
route_industrial_food_intermediate_003	planned-production	period-and-concept-specific	DependencyReviewed
route_modern_food_intermediate_001	planned-production	period-and-concept-specific	DependencyReviewed
route_modern_food_intermediate_002	planned-production	period-and-concept-specific	DependencyReviewed
route_modern_food_intermediate_003	planned-production	period-and-concept-specific	DependencyReviewed
route_modern_food_intermediate_004	planned-production	period-and-concept-specific	DependencyReviewed
route_nuclear_food_intermediate_001	planned-production	period-and-concept-specific	DependencyReviewed
route_nuclear_food_intermediate_002	planned-production	period-and-concept-specific	DependencyReviewed
route_information_food_intermediate_001	planned-production	period-and-concept-specific	DependencyReviewed
route_information_food_intermediate_002	planned-production	period-and-concept-specific	DependencyReviewed
route_industrialised_food_dessert_001	planned-production	period-and-concept-specific	DependencyReviewed
route_industrialised_food_dessert_002	planned-production	period-and-concept-specific	DependencyReviewed
route_industrialised_food_dessert_003	planned-production	period-and-concept-specific	DependencyReviewed
route_industrialised_food_dessert_004	planned-production	period-and-concept-specific	DependencyReviewed
route_industrialised_food_dessert_005	planned-production	period-and-concept-specific	DependencyReviewed
route_industrialised_food_dessert_006	planned-production	period-and-concept-specific	DependencyReviewed
route_industrialised_food_dessert_007	planned-production	period-and-concept-specific	DependencyReviewed
route_industrialised_food_dessert_008	planned-production	period-and-concept-specific	DependencyReviewed
route_industrialised_food_dessert_009	planned-production	period-and-concept-specific	DependencyReviewed
route_industrialised_food_dessert_010	planned-production	period-and-concept-specific	DependencyReviewed
route_industrialised_food_dessert_011	planned-production	period-and-concept-specific	DependencyReviewed
route_industrialised_food_dessert_012	planned-production	period-and-concept-specific	DependencyReviewed
route_industrialised_food_dessert_013	planned-production	period-and-concept-specific	DependencyReviewed
route_industrialised_food_dessert_014	planned-production	period-and-concept-specific	DependencyReviewed
route_industrialised_food_dessert_015	planned-production	period-and-concept-specific	DependencyReviewed
route_industrialised_food_dessert_016	planned-production	period-and-concept-specific	DependencyReviewed
route_industrialised_food_dessert_017	planned-production	period-and-concept-specific	DependencyReviewed
route_industrialised_food_dessert_018	planned-production	period-and-concept-specific	DependencyReviewed
route_industrial_food_dessert_001	planned-production	period-and-concept-specific	DependencyReviewed
route_industrial_food_dessert_002	planned-production	period-and-concept-specific	DependencyReviewed
route_industrial_food_dessert_003	planned-production	period-and-concept-specific	DependencyReviewed
route_modern_food_dessert_001	planned-production	period-and-concept-specific	DependencyReviewed
route_modern_food_dessert_002	planned-production	period-and-concept-specific	DependencyReviewed
route_modern_food_dessert_003	planned-production	period-and-concept-specific	DependencyReviewed
route_modern_food_dessert_004	planned-production	period-and-concept-specific	DependencyReviewed
route_modern_food_dessert_005	planned-production	period-and-concept-specific	DependencyReviewed
route_modern_food_dessert_006	planned-production	period-and-concept-specific	DependencyReviewed
route_nuclear_food_dessert_001	planned-production	period-and-concept-specific	DependencyReviewed
route_nuclear_food_dessert_002	planned-production	period-and-concept-specific	DependencyReviewed
route_information_food_dessert_001	planned-production	period-and-concept-specific	DependencyReviewed
route_information_food_dessert_002	planned-production	period-and-concept-specific	DependencyReviewed
route_information_food_dessert_003	planned-production	period-and-concept-specific	DependencyReviewed
route_information_food_dessert_004	planned-production	period-and-concept-specific	DependencyReviewed
route_industrialised_food_snack_001	planned-production	period-and-concept-specific	DependencyReviewed
route_industrialised_food_snack_002	planned-production	period-and-concept-specific	DependencyReviewed
route_industrialised_food_snack_003	planned-production	period-and-concept-specific	DependencyReviewed
route_industrialised_food_snack_004	planned-production	period-and-concept-specific	DependencyReviewed
route_industrialised_food_snack_005	planned-production	period-and-concept-specific	DependencyReviewed
route_industrialised_food_snack_006	planned-production	period-and-concept-specific	DependencyReviewed
route_industrialised_food_snack_007	planned-production	period-and-concept-specific	DependencyReviewed
route_industrialised_food_snack_008	planned-production	period-and-concept-specific	DependencyReviewed
route_industrialised_food_snack_009	planned-production	period-and-concept-specific	DependencyReviewed
route_industrialised_food_snack_010	planned-production	period-and-concept-specific	DependencyReviewed
route_industrialised_food_snack_011	planned-production	period-and-concept-specific	DependencyReviewed
route_industrialised_food_snack_012	planned-production	period-and-concept-specific	DependencyReviewed
route_industrialised_food_snack_013	planned-production	period-and-concept-specific	DependencyReviewed
route_industrialised_food_snack_014	planned-production	period-and-concept-specific	DependencyReviewed
route_industrialised_food_snack_015	planned-production	period-and-concept-specific	DependencyReviewed
route_industrialised_food_snack_016	planned-production	period-and-concept-specific	DependencyReviewed
route_industrial_food_snack_001	planned-production	period-and-concept-specific	DependencyReviewed
route_industrial_food_snack_002	planned-production	period-and-concept-specific	DependencyReviewed
route_modern_food_snack_001	planned-production	period-and-concept-specific	DependencyReviewed
route_modern_food_snack_002	planned-production	period-and-concept-specific	DependencyReviewed
route_modern_food_snack_003	planned-production	period-and-concept-specific	DependencyReviewed
route_modern_food_snack_004	planned-production	period-and-concept-specific	DependencyReviewed
route_modern_food_snack_005	planned-production	period-and-concept-specific	DependencyReviewed
route_nuclear_food_snack_001	planned-production	period-and-concept-specific	DependencyReviewed
route_nuclear_food_snack_002	planned-production	period-and-concept-specific	DependencyReviewed
route_information_food_snack_001	planned-production	period-and-concept-specific	DependencyReviewed
route_information_food_snack_002	planned-production	period-and-concept-specific	DependencyReviewed
route_information_food_snack_003	planned-production	period-and-concept-specific	DependencyReviewed
route_industrialised_food_ration_001	planned-production	period-and-concept-specific	DependencyReviewed
route_industrialised_food_ration_002	planned-production	period-and-concept-specific	DependencyReviewed
route_industrialised_food_ration_003	planned-production	period-and-concept-specific	DependencyReviewed
route_industrialised_food_ration_004	planned-production	period-and-concept-specific	DependencyReviewed
route_industrialised_food_ration_005	planned-production	period-and-concept-specific	DependencyReviewed
route_industrialised_food_ration_006	planned-production	period-and-concept-specific	DependencyReviewed
route_industrialised_food_ration_007	planned-production	period-and-concept-specific	DependencyReviewed
route_industrialised_food_ration_008	planned-production	period-and-concept-specific	DependencyReviewed
route_industrialised_food_ration_009	planned-production	period-and-concept-specific	DependencyReviewed
route_industrialised_food_ration_010	planned-production	period-and-concept-specific	DependencyReviewed
route_industrialised_food_ration_011	planned-production	period-and-concept-specific	DependencyReviewed
route_industrialised_food_ration_012	planned-production	period-and-concept-specific	DependencyReviewed
route_industrial_food_ration_001	planned-production	period-and-concept-specific	DependencyReviewed
route_industrial_food_ration_002	planned-production	period-and-concept-specific	DependencyReviewed
route_industrial_food_ration_003	planned-production	period-and-concept-specific	DependencyReviewed
route_modern_food_ration_001	planned-production	period-and-concept-specific	DependencyReviewed
route_modern_food_ration_002	planned-production	period-and-concept-specific	DependencyReviewed
route_modern_food_ration_003	planned-production	period-and-concept-specific	DependencyReviewed
route_modern_food_ration_004	planned-production	period-and-concept-specific	DependencyReviewed
route_nuclear_food_ration_001	planned-production	period-and-concept-specific	DependencyReviewed
route_nuclear_food_ration_002	planned-production	period-and-concept-specific	DependencyReviewed
route_information_food_ration_001	planned-production	period-and-concept-specific	DependencyReviewed
route_information_food_ration_002	planned-production	period-and-concept-specific	DependencyReviewed
route_information_food_ration_003	planned-production	period-and-concept-specific	DependencyReviewed
route_industrialised_food_infant_dietetic_001	planned-production	period-and-concept-specific	DependencyReviewed
route_industrialised_food_infant_dietetic_002	planned-production	period-and-concept-specific	DependencyReviewed
route_industrialised_food_infant_dietetic_003	planned-production	period-and-concept-specific	DependencyReviewed
route_industrialised_food_infant_dietetic_004	planned-production	period-and-concept-specific	DependencyReviewed
route_industrialised_food_infant_dietetic_005	planned-production	period-and-concept-specific	DependencyReviewed
route_industrialised_food_infant_dietetic_006	planned-production	period-and-concept-specific	DependencyReviewed
route_industrialised_food_infant_dietetic_007	planned-production	period-and-concept-specific	DependencyReviewed
route_industrialised_food_infant_dietetic_008	planned-production	period-and-concept-specific	DependencyReviewed
route_industrial_food_infant_dietetic_001	planned-production	period-and-concept-specific	DependencyReviewed
route_modern_food_infant_dietetic_001	planned-production	period-and-concept-specific	DependencyReviewed
route_modern_food_infant_dietetic_002	planned-production	period-and-concept-specific	DependencyReviewed
route_modern_food_infant_dietetic_003	planned-production	period-and-concept-specific	DependencyReviewed
route_nuclear_food_infant_dietetic_001	planned-production	period-and-concept-specific	DependencyReviewed
route_nuclear_food_infant_dietetic_002	planned-production	period-and-concept-specific	DependencyReviewed
route_information_food_infant_dietetic_001	planned-production	period-and-concept-specific	DependencyReviewed
route_information_food_infant_dietetic_002	planned-production	period-and-concept-specific	DependencyReviewed
route_information_food_infant_dietetic_003	planned-production	period-and-concept-specific	DependencyReviewed
route_industrialised_food_animal_feed_001	planned-production	period-and-concept-specific	DependencyReviewed
route_industrialised_food_animal_feed_002	planned-production	period-and-concept-specific	DependencyReviewed
route_industrialised_food_animal_feed_003	planned-production	period-and-concept-specific	DependencyReviewed
route_industrialised_food_animal_feed_004	planned-production	period-and-concept-specific	DependencyReviewed
route_industrialised_food_animal_feed_005	planned-production	period-and-concept-specific	DependencyReviewed
route_industrialised_food_animal_feed_006	planned-production	period-and-concept-specific	DependencyReviewed
route_industrialised_food_animal_feed_007	planned-production	period-and-concept-specific	DependencyReviewed
route_industrialised_food_animal_feed_008	planned-production	period-and-concept-specific	DependencyReviewed
route_industrial_food_animal_feed_001	planned-production	period-and-concept-specific	DependencyReviewed
route_industrial_food_animal_feed_002	planned-production	period-and-concept-specific	DependencyReviewed
route_modern_food_animal_feed_001	planned-production	period-and-concept-specific	DependencyReviewed
route_modern_food_animal_feed_002	planned-production	period-and-concept-specific	DependencyReviewed
route_nuclear_food_animal_feed_001	planned-production	period-and-concept-specific	DependencyReviewed
route_information_food_animal_feed_001	planned-production	period-and-concept-specific	DependencyReviewed
route_information_food_animal_feed_002	planned-production	period-and-concept-specific	DependencyReviewed
route_industrialised_food_non_alcoholic_001	planned-production	period-and-concept-specific	DependencyReviewed
route_industrialised_food_non_alcoholic_002	planned-production	period-and-concept-specific	DependencyReviewed
route_industrialised_food_non_alcoholic_003	planned-production	period-and-concept-specific	DependencyReviewed
route_industrialised_food_non_alcoholic_004	planned-production	period-and-concept-specific	DependencyReviewed
route_industrialised_food_non_alcoholic_005	planned-production	period-and-concept-specific	DependencyReviewed
route_industrialised_food_non_alcoholic_006	planned-production	period-and-concept-specific	DependencyReviewed
route_industrialised_food_non_alcoholic_007	planned-production	period-and-concept-specific	DependencyReviewed
route_industrialised_food_non_alcoholic_008	planned-production	period-and-concept-specific	DependencyReviewed
route_industrialised_food_non_alcoholic_009	planned-production	period-and-concept-specific	DependencyReviewed
route_industrialised_food_non_alcoholic_010	planned-production	period-and-concept-specific	DependencyReviewed
route_industrialised_food_non_alcoholic_011	planned-production	period-and-concept-specific	DependencyReviewed
route_industrialised_food_non_alcoholic_012	planned-production	period-and-concept-specific	DependencyReviewed
route_industrial_food_non_alcoholic_001	planned-production	period-and-concept-specific	DependencyReviewed
route_industrial_food_non_alcoholic_002	planned-production	period-and-concept-specific	DependencyReviewed
route_modern_food_non_alcoholic_001	planned-production	period-and-concept-specific	DependencyReviewed
route_modern_food_non_alcoholic_002	planned-production	period-and-concept-specific	DependencyReviewed
route_modern_food_non_alcoholic_003	planned-production	period-and-concept-specific	DependencyReviewed
route_modern_food_non_alcoholic_004	planned-production	period-and-concept-specific	DependencyReviewed
route_nuclear_food_non_alcoholic_001	planned-production	period-and-concept-specific	DependencyReviewed
route_nuclear_food_non_alcoholic_002	planned-production	period-and-concept-specific	DependencyReviewed
route_information_food_non_alcoholic_001	planned-production	period-and-concept-specific	DependencyReviewed
route_information_food_non_alcoholic_002	planned-production	period-and-concept-specific	DependencyReviewed
route_information_food_non_alcoholic_003	planned-production	period-and-concept-specific	DependencyReviewed
route_industrialised_food_stimulant_001	planned-production	period-and-concept-specific	DependencyReviewed
route_industrialised_food_stimulant_002	planned-production	period-and-concept-specific	DependencyReviewed
route_industrialised_food_stimulant_003	planned-production	period-and-concept-specific	DependencyReviewed
route_industrialised_food_stimulant_004	planned-production	period-and-concept-specific	DependencyReviewed
route_industrialised_food_stimulant_005	planned-production	period-and-concept-specific	DependencyReviewed
route_industrialised_food_stimulant_006	planned-production	period-and-concept-specific	DependencyReviewed
route_industrialised_food_stimulant_007	planned-production	period-and-concept-specific	DependencyReviewed
route_industrialised_food_stimulant_008	planned-production	period-and-concept-specific	DependencyReviewed
route_industrial_food_stimulant_001	planned-production	period-and-concept-specific	DependencyReviewed
route_modern_food_stimulant_001	planned-production	period-and-concept-specific	DependencyReviewed
route_modern_food_stimulant_002	planned-production	period-and-concept-specific	DependencyReviewed
route_modern_food_stimulant_003	planned-production	period-and-concept-specific	DependencyReviewed
route_nuclear_food_stimulant_001	planned-production	period-and-concept-specific	DependencyReviewed
route_information_food_stimulant_001	planned-production	period-and-concept-specific	DependencyReviewed
route_information_food_stimulant_002	planned-production	period-and-concept-specific	DependencyReviewed
route_industrialised_food_alcohol_001	planned-production	period-and-concept-specific	DependencyReviewed
route_industrialised_food_alcohol_002	planned-production	period-and-concept-specific	DependencyReviewed
route_industrialised_food_alcohol_003	planned-production	period-and-concept-specific	DependencyReviewed
route_industrialised_food_alcohol_004	planned-production	period-and-concept-specific	DependencyReviewed
route_industrialised_food_alcohol_005	planned-production	period-and-concept-specific	DependencyReviewed
route_industrialised_food_alcohol_006	planned-production	period-and-concept-specific	DependencyReviewed
route_industrialised_food_alcohol_007	planned-production	period-and-concept-specific	DependencyReviewed
route_industrialised_food_alcohol_008	planned-production	period-and-concept-specific	DependencyReviewed
route_industrialised_food_alcohol_009	planned-production	period-and-concept-specific	DependencyReviewed
route_industrialised_food_alcohol_010	planned-production	period-and-concept-specific	DependencyReviewed
route_industrialised_food_alcohol_011	planned-production	period-and-concept-specific	DependencyReviewed
route_industrialised_food_alcohol_012	planned-production	period-and-concept-specific	DependencyReviewed
route_industrial_food_alcohol_001	planned-production	period-and-concept-specific	DependencyReviewed
route_industrial_food_alcohol_002	planned-production	period-and-concept-specific	DependencyReviewed
route_modern_food_alcohol_001	planned-production	period-and-concept-specific	DependencyReviewed
route_modern_food_alcohol_002	planned-production	period-and-concept-specific	DependencyReviewed
route_modern_food_alcohol_003	planned-production	period-and-concept-specific	DependencyReviewed
route_modern_food_alcohol_004	planned-production	period-and-concept-specific	DependencyReviewed
route_nuclear_food_alcohol_001	planned-production	period-and-concept-specific	DependencyReviewed
route_information_food_alcohol_001	planned-production	period-and-concept-specific	DependencyReviewed
route_information_food_alcohol_002	planned-production	period-and-concept-specific	DependencyReviewed
route_industrialised_food_beverage_intermediate_001	planned-production	period-and-concept-specific	DependencyReviewed
route_industrialised_food_beverage_intermediate_002	planned-production	period-and-concept-specific	DependencyReviewed
route_industrialised_food_beverage_intermediate_003	planned-production	period-and-concept-specific	DependencyReviewed
route_industrialised_food_beverage_intermediate_004	planned-production	period-and-concept-specific	DependencyReviewed
route_industrialised_food_beverage_intermediate_005	planned-production	period-and-concept-specific	DependencyReviewed
route_industrialised_food_beverage_intermediate_006	planned-production	period-and-concept-specific	DependencyReviewed
route_industrialised_food_beverage_intermediate_007	planned-production	period-and-concept-specific	DependencyReviewed
route_industrialised_food_beverage_intermediate_008	planned-production	period-and-concept-specific	DependencyReviewed
route_industrial_food_beverage_intermediate_001	planned-production	period-and-concept-specific	DependencyReviewed
route_modern_food_beverage_intermediate_001	planned-production	period-and-concept-specific	DependencyReviewed
route_modern_food_beverage_intermediate_002	planned-production	period-and-concept-specific	DependencyReviewed
route_nuclear_food_beverage_intermediate_001	planned-production	period-and-concept-specific	DependencyReviewed
route_information_food_beverage_intermediate_001	planned-production	period-and-concept-specific	DependencyReviewed
