EvidenceId	EraBand	Locale	StartYear	EndYear	Currency	NominalPrice	QuotedUnit	DailyWage	LabourDays	CostIndex	SourceClass	ComparableFamily	Confidence	SourceUrl	SourcePage	Notes
industrial_food	late-industrial	US mail-order	1897	1897	USD	0.12	pound	1.40	0.085714	1	primary-catalogue	basic meal ingredients	high	https://archive.org/details/1897searsroebuck0000unse	Catalogue No. 104, groceries; tea price range starts at $0.12 per pound	Quote matched to the 1897 lower-skilled weekly earnings series D 121-133 in Historical Statistics of the United States; this corpus explicitly normalises $8.40 per week to $1.40 over six labour days. CostIndex is the nearest 1-2-5 ladder value.
industrial_tools	late-industrial	US mail-order	1897	1897	USD	0.25	each	1.40	0.178571	2	primary-catalogue	day-labour tool	medium	https://archive.org/details/1897searsroebuck0000unse	Catalogue No. 104, tools/pocket knives	Representative pocket-knife quote matched to the same Census series D 121-133 wage basis. CostIndex is the nearest 1-2-5 ladder value.
industrial_clothing	late-industrial	US mail-order	1897	1897	USD	0.95	each	1.40	0.678571	5	primary-catalogue	ordinary garment	high	https://archive.org/details/1897searsroebuck0000unse	Catalogue No. 104, men's shirts; Princely Shirt	Advertised single-shirt price matched to the same Census series D 121-133 wage basis; proprietary wording is not used in seeded item names.
industrial_household	late-industrial	US mail-order	1897	1897	USD	1.00	each	1.40	0.714286	10	primary-catalogue	household furnishing	high	https://archive.org/details/1897searsroebuck0000unse	Catalogue No. 104, furniture/baby carriages; child's high chair	Representative household durable matched to the same Census series D 121-133 wage basis.
industrial_medical	late-industrial	US mail-order	1897	1897	USD	0.05	2-4 oz package	1.40	0.035714	0.5	primary-catalogue	common medicine or herb	high	https://archive.org/details/1897searsroebuck0000unse	Catalogue No. 104, drugs; herbs price range starts at $0.05	Ordinary packaged-herb quote matched to the same Census series D 121-133 wage basis; this is not evidence for efficacy.
industrial_weapons	late-industrial	US mail-order	1897	1897	USD	1.55	each	1.40	1.107143	10	primary-catalogue	basic handgun	high	https://archive.org/details/1897searsroebuck0000unse	Catalogue No. 104, firearms; $1.55 revolver	Representative inexpensive handgun quote matched to the same Census series D 121-133 wage basis; exact mechanical rows still require action and calibre support.
industrial_vehicle	late-industrial	US mail-order	1897	1897	USD	43.00	each	1.40	30.714286	200	primary-catalogue	bicycle	high	https://archive.org/details/1897searsroebuck0000unse	Catalogue No. 104, bicycles; mid-tier bicycle	Representative bicycle quote matched to the same Census series D 121-133 wage basis; it is not a motor-vehicle or freight-vehicle quote.
industrial_leisure	late-industrial	US mail-order	1897	1897	USD	2.00	complete outfit	1.40	1.428571	10	primary-catalogue	leisure durable	high	https://archive.org/details/1897searsroebuck0000unse	Catalogue No. 104, musical goods; complete violin outfit with bow and case	Non-essential durable cross-check matched to the same Census series D 121-133 wage basis.
industrial_britain_food_series	early-industrial	England	1750	1830	GBP-predecimal		original source measure				scholarly-series	food and fuel basket	high	https://faculty.econ.ucdavis.edu/faculty/gclark/data.html	Prices of 22 domestic farm products, 1500-1914	A series gateway, deliberately without a nominal quote. Extract the named year/product/unit from the linked workbook before a finished row uses it.
industrial_britain_wages	early-industrial	England	1750	1869	GBP-predecimal		day wage				scholarly-series	unskilled labour wage	high	https://faculty.econ.ucdavis.edu/faculty/gclark/data.html	Farm Day Wages, 1208-1869; annual from 1670	The British wage bridge for pre-1870 evidence. Preserve the source's date, region and work-period definition.
industrial_britain_cost_of_living	late-industrial	UK industrial towns	1905	1908	GBP-predecimal		original survey unit				official-survey	working-class food and wage basket	high	https://dp.la/item/6f4e5aa29b29ed5a0c76dcb8e1b654fd	Board of Trade, Cost of Living of the Working Classes, Cd. 3864 (1908)	Official survey gateway for local retail food, rent and occupation wages; quote the town/table before catalogue admission.
industrial_britain_durables	late-industrial	Britain	1850	1914	GBP-predecimal		catalogue-stated unit				primary-catalogue-collection	tools garments appliances bicycles	high	https://www.bl.uk/stories/blogs/posts/unveiling_hidden_collections_trade-literature-catalogues-1850_to_1940	British Library Patent Office trade-literature collection	Collection gateway only. A British durable needs a dated title plus exact page/image and quoted amount before use.
industrial_us_wage_series	late-industrial	United States	1870	1914	USD		source-stated wage period				official-series	unskilled labour wage	high	https://www.census.gov/library/publications/1949/compendia/hist_stats_1789-1945.html	Historical Statistics of the United States, chapter D	Official wage-series gateway for matching the US retail anchors; do not assume a daily wage until the selected table supplies one.
industrial_us_price_series	early-industrial	New York and United States	1797	1914	USD		original commodity unit				official-series	food and raw material basket	high	https://www2.census.gov/library/publications/1949/compendia/hist_stats_1789-1945/hist_stats_1789-1945-chL.pdf	Historical Statistics of the United States, chapter L	The documented 1797-1890 quotations are principally New York wholesale; this cannot replace a finished-good retail quote.
later_britain_1870_1914	late-industrial	United Kingdom	1870	1914	GBP-decimal		weekly wage				scholarly-official-splice	national wage and CPI bridge	high	https://commons.wikimedia.org/wiki/Data:UK_Nominal_wage_data,_price_data,_and_real_wage_%E2%80%93_Bank_of_England_(!Three_centuries_of_macroeconomic_(OWID_396).tab	Bank of England Millennium data mirror	Annual wage/CPI bridge only; never a substitute for a durable-goods source.
later_continental_1820_1914	late-industrial	German cities and regions	1820	1914	original dataset currency		codebook-stated unit				scholarly-archive	continental wage and cost of living	medium	https://datacatalogue.cessda.eu/detail/312ae3a22e00de93f176acefa21e1af85fc92339e65e13b19677ee9e667171e9?lang=en	Wages and costs of living in Germany from 1820 to 1944	Download the data/codebook and retain its currency/index definition before quoting any observation.
later_comparative_1800_1914	late-industrial	Europe and North America	1800	1914	underlying source currency		underlying source unit				scholarly-dataset-index	regional price and wage cross-check	medium	https://gpih.ucdavis.edu/Datafilelist.htm	Global Price and Income History Group, Europe and North America data-file list	Gateway only: cite the named underlying series, not GPIH generically, for any final observation.
