stable_reference	scope	kind	family	noun	short_description	full_description	taste	material	nutrition	freshness	quality	weight_grams	cost	admission_profile
preindustrial_food_barley_gruel_soup	Shared	Prepared	Soup	bowl	a bowl of barley gruel soup	Broken barley clouds the thin beige liquor, leaving a few swollen grains circling the bowl.	Mild toasted grain meets plain salt and a faint hearth smokiness.	barley	BleakThin	Cooked	Standard	650	4	Universal
preindustrial_food_barley_and_leek_soup	Shared	Prepared	Soup	bowl	a bowl of barley and leek soup	Pearled barley and pale leek rings share a clear broth glossed by a few droplets of fat.	Chewy maltiness is softened by the leek's gentle onion sweetness.	barley	Standard	Cooked	Standard	420	4	Universal
preindustrial_food_barley_and_onion_broth	Shared	Prepared	Soup	bowl	a bowl of barley and onion broth	Translucent onion strands drift between scattered barley kernels in an amber, carefully skimmed broth.	Sweet onion deepens the clean stock while barley adds a nutty finish.	barley	Light	Cooked	Standard	420	4	Universal
preindustrial_food_barley_vegetable_soup	Shared	Prepared	Soup	bowl	a bowl of barley vegetable soup	Barley pearls sit among diced roots and wilted greens, giving the garden broth a substantial body.	Earthy vegetables and mellow grain make a balanced, quietly savoury mouthful.	barley	Standard	Cooked	Standard	420	4	Universal
preindustrial_food_barley_herb_potage	Shared	Prepared	Stew	bowl	a bowl of barley herb potage	Chopped herbs stipple a spoon-coating barley potage in shades of fresh green and warm brown.	Fragrant leaves brighten its creamy grain base and restrained salting.	barley	Hearty	Cooked	Standard	520	4	Universal
preindustrial_food_barley_and_mushroom_soup	Shared	Prepared	Soup	bowl	a bowl of barley and mushroom soup	Brown mushroom slices and plump barley crowd a dark broth coloured by woodland juices.	Woodsy mushroom savour settles over the barley's warm malty chew.	barley	Standard	Cooked	Standard	420	4	Universal
preindustrial_food_barley_root_stew	Shared	Prepared	Stew	bowl	a bowl of barley root stew	Orange, ivory, and yellow root cubes nestle among barley in a thick, glossy cooking liquor.	Sweet roots round out the peppered grain with an earthy depth.	barley	Hearty	Cooked	Standard	520	4	Universal
preindustrial_food_barley_cabbage_soup	Shared	Prepared	Soup	bowl	a bowl of barley cabbage soup	Soft cabbage ribbons curl around distinct barley kernels beneath a lightly clouded surface.	The cabbage tastes gently sweet against robust, toasted cereal notes.	barley	Standard	Cooked	Standard	420	4	Universal
preindustrial_food_barley_garlic_broth	Shared	Prepared	Soup	bowl	a bowl of barley garlic broth	Softened garlic cloves lie beside sparse barley in a clear gold broth with green herb flecks.	Warm garlic pungency lingers behind the clean, nutty barley flavour.	barley	Light	Cooked	Standard	420	4	Universal
preindustrial_food_barley_garden_stew	Shared	Prepared	Stew	bowl	a bowl of barley garden stew	A crowded mixture of barley, peas, roots, and leafy pieces fills this thick household stew.	Every spoonful shifts between earthy grain, fresh greens, and vegetable sweetness.	barley	Hearty	Cooked	Standard	520	4	Universal
preindustrial_food_wheat_berry_soup	Shared	Prepared	Soup	bowl	a bowl of wheat berry soup	Whole wheat berries remain pleasantly plump in a light brown broth dotted with herbs.	The berries give a soft chew and wholesome bread-like sweetness.	wheat	Standard	Cooked	Standard	420	4	Universal
preindustrial_food_wheat_and_pulse_stew	Shared	Prepared	Stew	bowl	a bowl of wheat and pulse stew	Wheat kernels and creamy pulses pack a dense stew whose liquor barely shows between them.	Nutty grain and earthy legumes combine into a deeply sustaining savour.	wheat	Hearty	Cooked	Standard	520	4	Universal
preindustrial_food_wheat_herb_broth	Shared	Prepared	Soup	bowl	a bowl of wheat herb broth	Aromatic leaves and a scattering of wheat berries float in a clear, pale stock.	Fresh herbal bitterness lifts the grain's quiet sweetness and clean salt.	wheat	Light	Cooked	Standard	420	4	Universal
preindustrial_food_wheat_and_onion_soup	Shared	Prepared	Soup	bowl	a bowl of wheat and onion soup	Soft onions have nearly dissolved around chewy wheat berries, thickening the golden soup naturally.	Caramelised allium makes the mellow wheat taste rounder and sweeter.	wheat	Standard	Cooked	Standard	420	4	Universal
preindustrial_food_wheat_vegetable_potage	Shared	Prepared	Stew	bowl	a bowl of wheat vegetable potage	Rough-cut garden vegetables break up a creamy potage studded with tender wheat kernels.	Vegetal sweetness, wheaten body, and gentle pepper arrive in even measure.	wheat	Hearty	Cooked	Standard	520	4	Universal
preindustrial_food_wheat_and_greens_stew	Shared	Prepared	Stew	bowl	a bowl of wheat and greens stew	Dark wilted leaves thread through a close-textured stew of cracked wheat and broth.	Mineral greens lend a pleasant bitterness to the soft cereal base.	wheat	Hearty	Cooked	Standard	520	4	Universal
preindustrial_food_wheat_mushroom_soup	Shared	Prepared	Soup	bowl	a bowl of wheat mushroom soup	Sliced mushrooms stain the broth tawny around swollen wheat berries and tiny herb fragments.	The bowl tastes woodsy and softly wheaten with a peppery close.	wheat	Standard	Cooked	Standard	420	4	Universal
preindustrial_food_wheat_root_broth	Shared	Prepared	Soup	bowl	a bowl of wheat root broth	Small root dice and wheat berries remain sharply visible beneath a clear amber liquor.	Clean broth carries root sweetness before the grain's mellow finish.	wheat	Light	Cooked	Standard	420	4	Universal
preindustrial_food_wheat_bread_soup	Shared	Prepared	Soup	bowl	a bowl of wheat bread soup	Torn bread has softened into the wheat broth, leaving tender crumbs among intact kernels.	Toasted crust and boiled grain create a comforting double note of wheat.	bread	Standard	Cooked	Standard	420	4	Universal
preindustrial_food_toasted_wheat_stew	Shared	Prepared	Stew	bowl	a bowl of toasted wheat stew	Pre-toasted wheat colours this close, brown stew and leaves dark kernels intact throughout.	Roasted cereal flavour leads, followed by savoury stock and faint smoke.	wheat	Hearty	Cooked	Standard	520	4	Universal
preindustrial_food_rye_bread_soup	Shared	Prepared	Soup	bowl	a bowl of rye bread soup	Dark rye crumbs swell unevenly in a sour-scented broth with softened crust pieces.	Earthy rye tang dominates, mellowed by warm stock and onion.	bread	Standard	Cooked	Standard	420	4	Universal
preindustrial_food_rye_and_cabbage_soup	Shared	Prepared	Soup	bowl	a bowl of rye and cabbage soup	Cabbage ribbons lighten a brown rye soup scattered with firm, dark grain berries.	Sweet brassica tempers the rye's robust sour and earthy character.	rye	Standard	Cooked	Standard	420	4	Universal
preindustrial_food_rye_berry_pottage	Shared	Prepared	Stew	bowl	a bowl of rye berry pottage	Whole rye berries give this dense pottage a dark, pebbled appearance and resilient texture.	Each chewy kernel releases a deep cereal tang beneath simple seasoning.	rye	Hearty	Cooked	Standard	520	4	Universal
preindustrial_food_rye_onion_broth	Shared	Prepared	Soup	bowl	a bowl of rye onion broth	Brown rye kernels lie beneath silky onion strands in a clear, faintly purple broth.	Sweet allium and sour-dark grain form a surprisingly gentle pairing.	rye	Light	Cooked	Standard	420	4	Universal
preindustrial_food_rye_and_turnip_stew	Shared	Prepared	Stew	bowl	a bowl of rye and turnip stew	Pale turnip cubes stand out against dark rye berries in a thick rustic stew.	Peppery root bitterness complements the grain's earthy, sour finish.	rye	Hearty	Cooked	Standard	520	4	Universal
preindustrial_food_rye_mushroom_soup	Shared	Prepared	Soup	bowl	a bowl of rye mushroom soup	Mushroom caps and dark rye grains share a smoky-brown liquor with a slight natural haze.	Woodland savour reinforces the rye without hiding its characteristic tang.	rye	Standard	Cooked	Standard	420	4	Universal
preindustrial_food_rye_herb_potage	Shared	Prepared	Stew	bowl	a bowl of rye herb potage	Green herbs brighten a dense grey-brown rye potage that clings heavily to the spoon.	Fresh aromatics sharpen the grain's sourness and long nutty aftertaste.	rye	Hearty	Cooked	Standard	520	4	Universal
preindustrial_food_rye_garlic_soup	Shared	Prepared	Soup	bowl	a bowl of rye garlic soup	Crushed garlic disperses through a dark rye soup, while a few whole kernels remain visible.	Garlic warmth cuts across the robust grain with a clean pungent bite.	rye	Standard	Cooked	Standard	420	4	Universal
preindustrial_food_rye_greens_broth	Shared	Prepared	Soup	bowl	a bowl of rye greens broth	Wilted leaves drift in a translucent rye broth above a sparse layer of dark kernels.	Leafy bitterness and rye tang leave a lean, mineral impression.	rye	Light	Cooked	Standard	420	4	Universal
preindustrial_food_rye_vegetable_stew	Shared	Prepared	Stew	bowl	a bowl of rye vegetable stew	Rye berries, chopped cabbage, and coloured roots fill a thick brown vegetable stew.	The flavour is earthy and sour-sweet, with varied garden freshness.	rye	Rich	Cooked	Good	560	9	Universal
preindustrial_food_rice_water_gruel	Shared	Prepared	Soup	bowl	a bowl of rice water gruel	Burst rice grains leave milky trails through an otherwise watery, almost colourless gruel.	It tastes spare and starchy, with little beyond rice and salt.	rice	Light	Cooked	Standard	420	4	RegionalOldWorld
preindustrial_food_rice_and_lentil_stew	Shared	Prepared	Stew	bowl	a bowl of rice and lentil stew	Soft rice and russet lentils have cooked together into a thick gold-brown stew.	Mellow starch cushions the lentils' peppery, earthy richness.	lentil	Hearty	Cooked	Standard	520	4	RegionalOldWorld
preindustrial_food_rice_vegetable_soup	Shared	Prepared	Soup	bowl	a bowl of rice vegetable soup	White rice grains rest among bright vegetable dice in a clear and lightly fragrant soup.	Clean rice sweetness carries the fresh garden flavours without heaviness.	rice	Standard	Cooked	Standard	420	4	RegionalOldWorld
preindustrial_food_rice_and_greens_broth	Shared	Prepared	Soup	bowl	a bowl of rice and greens broth	Dark green leaves ribbon a pale rice broth whose soft grains gather at the bottom.	Mineral greens sharpen the soothing, quietly starchy liquor.	rice	Light	Cooked	Standard	420	4	RegionalOldWorld
preindustrial_food_rice_and_chickpea_pot	Shared	Prepared	Stew	bowl	a bowl of rice and chickpea pot	Golden chickpeas punctuate a soft bed of rice moistened by reduced aromatic stock.	Nutty pulses give substance to the mild, fragrant grain.	chickpea	Hearty	Cooked	Standard	520	4	RegionalOldWorld
preindustrial_food_rice_herb_congee	Shared	Prepared	Soup	bowl	a bowl of rice herb congee	Rice has burst into a silken white congee scattered generously with chopped fresh herbs.	Cooling green fragrance lifts the smooth and comforting cereal flavour.	rice	Standard	Cooked	Standard	420	4	RegionalOldWorld
preindustrial_food_rice_and_fish_soup	Shared	Prepared	Soup	bowl	a bowl of rice and fish soup	Moist white fish flakes float over tender rice in a clear, herb-scented coastal broth.	Delicate brine seasons the rice with a clean and savoury sweetness.	fish	Standard	Cooked	Standard	420	4	RegionalOldWorld
preindustrial_food_rice_mushroom_porridge	Shared	Prepared	Soup	bowl	a bowl of rice mushroom porridge	Brown mushrooms pattern a creamy rice porridge stained faintly by their cooking juices.	Earthy mushroom depth makes the soft grain taste warmly savoury.	rice	Standard	Cooked	Standard	420	4	RegionalOldWorld
preindustrial_food_rice_and_onion_broth	Shared	Prepared	Soup	bowl	a bowl of rice and onion broth	Fine onion strands drift above rice settled in a translucent golden cooking liquor.	Gentle allium sweetness enriches the clean, starchy broth.	rice	Light	Cooked	Standard	420	4	RegionalOldWorld
preindustrial_food_rice_garden_stew	Shared	Prepared	Stew	bowl	a bowl of rice garden stew	Rice binds peas, roots, and chopped greens into a colourful, softly mounded stew.	Garden sweetness and leafy freshness animate the mellow grain.	rice	Hearty	Cooked	Standard	520	4	RegionalOldWorld
preindustrial_food_sorghum_thin_gruel	Shared	Prepared	Soup	bowl	a bowl of sorghum thin gruel	Fine sorghum meal gives the thin reddish-brown gruel a slightly sandy suspension.	It tastes earthy and faintly sweet despite its watery body.	sorghum	Light	Cooked	Standard	420	4	RegionalOldWorld
preindustrial_food_sorghum_and_bean_stew	Shared	Prepared	Stew	bowl	a bowl of sorghum and bean stew	Firm sorghum grains and creamy beans crowd a dark, substantial one-pot stew.	Robust cereal and full bean savour make a filling earthy combination.	bean	Hearty	Cooked	Standard	520	4	RegionalOldWorld
preindustrial_food_sorghum_greens_soup	Shared	Prepared	Soup	bowl	a bowl of sorghum greens soup	Wilted greens curl around russet sorghum grains in a light, mineral-rich soup.	Leafy bitterness balances the grain's subtle natural sweetness.	sorghum	Standard	Cooked	Standard	420	4	RegionalOldWorld
preindustrial_food_sorghum_root_potage	Shared	Prepared	Stew	bowl	a bowl of sorghum root potage	Diced roots show orange and ivory through a thick potage textured by sorghum meal.	The spoonful is earthy, sweet, and pleasantly coarse.	sorghum	Hearty	Cooked	Standard	520	4	RegionalOldWorld
preindustrial_food_sorghum_and_onion_broth	Shared	Prepared	Soup	bowl	a bowl of sorghum and onion broth	Sorghum grains settle beneath pale onion ribbons in a clean brown-gold broth.	Mellow onion sweetness softens the grain's dry, earthy character.	sorghum	Light	Cooked	Standard	420	4	RegionalOldWorld
preindustrial_food_sorghum_vegetable_stew	Shared	Prepared	Stew	bowl	a bowl of sorghum vegetable stew	Mixed vegetables and reddish sorghum fill a chunky stew with very little free liquor.	Fresh garden flavours brighten the robust and slightly sweet grain.	sorghum	Hearty	Cooked	Standard	520	4	RegionalOldWorld
preindustrial_food_sorghum_herb_soup	Shared	Prepared	Soup	bowl	a bowl of sorghum herb soup	Green herb fragments speckle a warm brown soup holding tender sorghum grains.	Fresh aromatics add lift to its grounded cereal flavour.	sorghum	Standard	Cooked	Standard	420	4	RegionalOldWorld
preindustrial_food_sorghum_and_meat_pot	Shared	Prepared	Stew	bowl	a bowl of sorghum and meat pot	Small meat morsels hide among glossy sorghum grains in a thick, dark cooking sauce.	Rich meat juices deepen the earthy grain and peppered finish.	meat	Feast	Cooked	VeryGood	650	14	RegionalOldWorld
preindustrial_food_sorghum_mushroom_broth	Shared	Prepared	Soup	bowl	a bowl of sorghum mushroom broth	Mushroom slices float above sorghum in a clear tawny broth scented of damp woods.	Woodsy savour and earthy grain meet in a restrained, clean liquor.	sorghum	Light	Cooked	Standard	420	4	RegionalOldWorld
preindustrial_food_sorghum_pulse_porridge	Shared	Prepared	Soup	bowl	a bowl of sorghum pulse porridge	Crushed pulses make the sorghum porridge creamy while whole grains preserve a firm bite.	Nutty legumes round the grain's earthy, faintly grassy taste.	sorghum	Standard	Cooked	Standard	420	4	RegionalOldWorld
preindustrial_food_plain_pea_soup	Shared	Prepared	Soup	bowl	a bowl of plain pea soup	Green peas have softened into a cloudy soup with a few intact halves resting near the surface.	It tastes gently sweet, earthy, and plainly salted.	pea	Standard	Cooked	Standard	420	4	Universal
preindustrial_food_split_pea_pottage	Shared	Prepared	Stew	bowl	a bowl of split pea pottage	Split peas have collapsed into a thick olive pottage that holds the track of a spoon.	The dense mouthful is creamy, savoury, and faintly peppery.	pea	Hearty	Cooked	Standard	520	4	Universal
preindustrial_food_pea_and_leek_soup	Shared	Prepared	Soup	bowl	a bowl of pea and leek soup	Pale leek rings drift through a smooth green pea soup, adding lighter streaks to the bowl.	Sweet peas and mild allium make a soft, comforting pairing.	pea	Standard	Cooked	Standard	420	4	Universal
preindustrial_food_pea_and_onion_stew	Shared	Prepared	Stew	bowl	a bowl of pea and onion stew	Browned onion strands thread a close stew of whole and crushed field peas.	Caramelised onion deepens the peas' earthy natural sweetness.	pea	Hearty	Cooked	Standard	520	4	Universal
preindustrial_food_pea_and_cabbage_soup	Shared	Prepared	Soup	bowl	a bowl of pea and cabbage soup	Soft cabbage ribbons remain distinct in a pale green soup thickened by broken peas.	Vegetal sweetness and creamy pea flavour finish with clean salt.	pea	Standard	Cooked	Standard	420	4	Universal
preindustrial_food_pea_and_turnip_potage	Shared	Prepared	Stew	bowl	a bowl of pea and turnip potage	Ivory turnip cubes interrupt a dense pea potage whose green body clings to them.	The root's gentle bitterness checks the sweet, earthy pulse.	pea	Hearty	Cooked	Standard	520	4	Universal
preindustrial_food_pea_herb_broth	Shared	Prepared	Soup	bowl	a bowl of pea herb broth	Fresh herb flecks float above scattered peas in a light green-gold broth.	Leafy fragrance lifts the mild pea sweetness without masking it.	pea	Light	Cooked	Standard	420	4	Universal
preindustrial_food_pea_and_mushroom_stew	Shared	Prepared	Stew	bowl	a bowl of pea and mushroom stew	Brown mushroom slices lie throughout a thick pea stew mottled olive and tan.	Woodland savour gives the creamy pulses a deeper, darker finish.	pea	Hearty	Cooked	Standard	520	4	Universal
preindustrial_food_pea_and_carrot_soup	Shared	Prepared	Soup	bowl	a bowl of pea and carrot soup	Orange carrot coins brighten a soft green soup containing both whole and crushed peas.	Carrot sweetness makes the earthy pulse taste fresh and rounded.	pea	Rich	Cooked	Good	560	9	Universal
preindustrial_food_thick_pea_pot	Shared	Prepared	Stew	bowl	a bowl of thick pea pot	A near-solid mass of slow-cooked peas fills the crock beneath a dull green sheen.	It is dense, creamy, and robustly earthy with pepper.	pea	Hearty	Cooked	Standard	520	4	Universal
preindustrial_food_plain_lentil_soup	Shared	Prepared	Soup	bowl	a bowl of plain lentil soup	Russet lentils settle evenly through a brown broth that has thickened from their starch.	The soup tastes peppery, earthy, and simply savoury.	lentil	Standard	Cooked	Standard	420	4	Universal
preindustrial_food_lentil_and_garlic_broth	Shared	Prepared	Soup	bowl	a bowl of lentil and garlic broth	Softened garlic pieces accompany lentils in a clear amber broth with a slight haze.	Warm pungency follows the pulse's dry, mineral character.	lentil	Light	Cooked	Standard	420	4	Universal
preindustrial_food_lentil_and_onion_stew	Shared	Prepared	Stew	bowl	a bowl of lentil and onion stew	Translucent onions wind through a spoon-coating stew packed with tender brown lentils.	Sweet allium mellows their peppery earthiness.	lentil	Hearty	Cooked	Standard	520	4	Universal
preindustrial_food_lentil_greens_soup	Shared	Prepared	Soup	bowl	a bowl of lentil greens soup	Dark wilted leaves curl among russet lentils in a thin, iron-coloured soup.	Mineral greens sharpen the warm and earthy pulse flavour.	lentil	Standard	Cooked	Standard	420	4	Universal
preindustrial_food_lentil_root_potage	Shared	Prepared	Stew	bowl	a bowl of lentil root potage	Small mixed root cubes give colour and shape to a dense lentil potage.	Earthy sweetness meets peppery legumes in a substantial spoonful.	lentil	Hearty	Cooked	Standard	520	4	Universal
preindustrial_food_lentil_and_mushroom_stew	Shared	Prepared	Stew	bowl	a bowl of lentil and mushroom stew	Mushroom caps darken a lentil stew whose reduced liquor coats every small piece.	Woodsy juices amplify the pulses' savoury depth.	lentil	Hearty	Cooked	Standard	520	4	Universal
preindustrial_food_lentil_cabbage_soup	Shared	Prepared	Soup	bowl	a bowl of lentil cabbage soup	Cabbage ribbons lie pale against the reddish-brown body of this lentil soup.	Soft brassica sweetness balances the lentils' mineral edge.	lentil	Standard	Cooked	Standard	420	4	Universal
preindustrial_food_lentil_herb_broth	Shared	Prepared	Soup	bowl	a bowl of lentil herb broth	Green herbs and distinct lentils float freely in a clear, lightly coloured broth.	Fresh aromatics brighten a restrained earthy savour.	lentil	Light	Cooked	Standard	420	4	Universal
preindustrial_food_lentil_and_rice_pot	Shared	Prepared	Stew	bowl	a bowl of lentil and rice pot	White rice softens between brown lentils, binding them into a moist one-pot dish.	Mellow starch cushions the peppery, nutty pulse.	lentil	Hearty	Cooked	Standard	520	4	RegionalOldWorld
preindustrial_food_thick_lentil_pottage	Shared	Prepared	Stew	bowl	a bowl of thick lentil pottage	Long simmering has turned most lentils creamy, though darker skins still stipple the pottage.	It tastes full, earthy, and warming with a dry finish.	lentil	Hearty	Cooked	Standard	520	4	Universal
preindustrial_food_plain_bean_soup	Shared	Prepared	Soup	bowl	a bowl of plain bean soup	Cream-coloured beans sit whole in a lightly clouded broth thickened by a few crushed pieces.	The flavour is mild, earthy, and satisfyingly full.	bean	Standard	Cooked	Standard	420	4	Universal
preindustrial_food_white_bean_stew	Shared	Prepared	Stew	bowl	a bowl of white bean stew	Large white beans crowd a pale, glossy stew with barely enough liquor between them.	Creamy interiors carry gentle garlic and salt.	bean	Hearty	Cooked	Standard	520	4	Universal
preindustrial_food_red_bean_potage	Shared	Prepared	Stew	bowl	a bowl of red bean potage	Red beans pattern a brick-coloured potage whose smooth base comes from mashed pulses.	It tastes robust, slightly sweet, and pleasantly earthy.	bean	Hearty	Cooked	Standard	520	4	Universal
preindustrial_food_black_bean_broth	Shared	Prepared	Soup	bowl	a bowl of black bean broth	Dark beans rest beneath a purple-brown broth scattered with tiny herb fragments.	Deep pulse savour leaves a mineral, faintly smoky finish.	bean	Light	Cooked	Standard	420	4	Universal
preindustrial_food_bean_and_leek_soup	Shared	Prepared	Soup	bowl	a bowl of bean and leek soup	Pale leek rounds brighten a beige bean soup dotted with intact creamy beans.	Mild onion sweetness complements their soft, floury centres.	bean	Standard	Cooked	Standard	420	4	Universal
preindustrial_food_bean_and_onion_stew	Shared	Prepared	Stew	bowl	a bowl of bean and onion stew	Collapsed onions form a glossy brown sauce around plump, tender beans.	Caramel allium gives the hearty pulses a rich savour.	bean	Hearty	Cooked	Standard	520	4	Universal
preindustrial_food_bean_and_cabbage_pot	Shared	Prepared	Stew	bowl	a bowl of bean and cabbage pot	Soft cabbage and mixed beans pack the pot in alternating pale and dark pieces.	Sweet leaves lighten the dense, earthy mouthful.	bean	Hearty	Cooked	Standard	520	4	Universal
preindustrial_food_bean_and_root_soup	Shared	Prepared	Soup	bowl	a bowl of bean and root soup	Colourful root dice share a clear brown soup with several sizes of bean.	Root sweetness varies the creamy and nutty pulse flavours.	bean	Standard	Cooked	Standard	420	4	Universal
preindustrial_food_bean_and_mushroom_stew	Shared	Prepared	Stew	bowl	a bowl of bean and mushroom stew	Brown mushrooms nestle between beans in a reduced, darkly savoury stew.	The dish tastes woodsy, full-bodied, and gently peppered.	bean	Hearty	Cooked	Standard	520	4	Universal
preindustrial_food_mixed_bean_pottage	Shared	Prepared	Stew	bowl	a bowl of mixed bean pottage	White, red, and dark beans remain visible throughout a thick mottled pottage.	Every bite shifts between creamy, nutty, and earthy.	bean	Hearty	Cooked	Standard	520	4	Universal
preindustrial_food_plain_chickpea_soup	Shared	Prepared	Soup	bowl	a bowl of plain chickpea soup	Golden chickpeas dot a clear yellow broth with a light film of their cooking starch.	They taste nutty, firm, and modestly salted.	chickpea	Standard	Cooked	Standard	420	4	Universal
preindustrial_food_chickpea_and_garlic_stew	Shared	Prepared	Stew	bowl	a bowl of chickpea and garlic stew	Whole garlic cloves soften among chickpeas in a thick ochre stew.	Warm pungency follows the pulses' dry, nutty richness.	chickpea	Hearty	Cooked	Standard	520	4	Universal
preindustrial_food_chickpea_greens_broth	Shared	Prepared	Soup	bowl	a bowl of chickpea greens broth	Dark leafy ribbons float above chickpeas settled in a mineral-rich broth.	Fresh bitterness cuts through the mellow golden pulses.	chickpea	Light	Cooked	Standard	420	4	Universal
preindustrial_food_chickpea_and_onion_pot	Shared	Prepared	Stew	bowl	a bowl of chickpea and onion pot	Sweet onions cling to chickpeas in a reduced one-pot glaze tinted deep gold.	Caramelised allium rounds their robust, floury savour.	chickpea	Hearty	Cooked	Standard	520	4	Universal
preindustrial_food_chickpea_root_soup	Shared	Prepared	Soup	bowl	a bowl of chickpea root soup	Orange and ivory root pieces surround chickpeas in a lightly clouded soup.	Earthy sweetness softens the pulses' nutty dryness.	chickpea	Standard	Cooked	Standard	420	4	Universal
preindustrial_food_chickpea_and_lentil_stew	Shared	Prepared	Stew	bowl	a bowl of chickpea and lentil stew	Large golden chickpeas stand out among small russet lentils in a dense stew.	Two pulse textures share a warm, peppery earthiness.	chickpea	Hearty	Cooked	Standard	520	4	Universal
preindustrial_food_chickpea_herb_potage	Shared	Prepared	Stew	bowl	a bowl of chickpea herb potage	Fresh herbs stipple a creamy chickpea potage containing occasional whole pulses.	Green fragrance lifts its rich, nutty body.	chickpea	Hearty	Cooked	Standard	520	4	Universal
preindustrial_food_chickpea_cabbage_soup	Shared	Prepared	Soup	bowl	a bowl of chickpea cabbage soup	Cabbage strips curl around golden chickpeas in a pale vegetable broth.	Sweet brassica and nutty pulses make a gentle savour.	chickpea	Rich	Cooked	Good	560	9	Universal
preindustrial_food_chickpea_and_rice_broth	Shared	Prepared	Soup	bowl	a bowl of chickpea and rice broth	Soft rice grains drift between firm chickpeas beneath a clear fragrant liquor.	Mellow starch smooths the chickpeas' earthy bite.	chickpea	Light	Cooked	Standard	420	4	RegionalOldWorld
preindustrial_food_thick_chickpea_pot	Shared	Prepared	Stew	bowl	a bowl of thick chickpea pot	Crushed chickpeas form a dense golden mass with whole pulses embedded throughout.	It is substantial, nutty, and warmly seasoned.	chickpea	Hearty	Cooked	Standard	520	4	Universal
preindustrial_food_cabbage_leaf_soup	Shared	Prepared	Soup	bowl	a bowl of cabbage leaf soup	Broad cabbage ribbons float in a clear broth tinted pale green-gold by long simmering.	The leaves taste sweetly vegetal with a mild sulfurous edge.	vegetable	Standard	Cooked	Standard	420	4	Universal
preindustrial_food_cabbage_and_onion_stew	Shared	Prepared	Stew	bowl	a bowl of cabbage and onion stew	Cabbage and onion have collapsed together into a glossy, pale brown stew.	Layered allium and brassica sweetness dominate the soft dish.	vegetable	Hearty	Cooked	Standard	520	4	Universal
preindustrial_food_cabbage_and_leek_broth	Shared	Prepared	Soup	bowl	a bowl of cabbage and leek broth	Green-white leek rings mingle with cabbage ribbons in a clean, lightly herbal broth.	The flavour is fresh, onion-sweet, and delicately vegetal.	vegetable	Light	Cooked	Standard	420	4	Universal
preindustrial_food_cabbage_root_potage	Shared	Prepared	Stew	bowl	a bowl of cabbage root potage	Mixed root cubes lend colour and weight to a thick cabbage potage.	Earthy vegetables temper the leaves' sweet sulfurous character.	vegetable	Hearty	Cooked	Standard	520	4	Universal
preindustrial_food_cabbage_herb_soup	Shared	Prepared	Soup	bowl	a bowl of cabbage herb soup	Chopped herbs brighten soft cabbage leaves gathered in a pale broth.	Fresh green aromas sharpen the mild vegetable sweetness.	vegetable	Standard	Cooked	Standard	420	4	Universal
preindustrial_food_cabbage_and_mushroom_stew	Shared	Prepared	Stew	bowl	a bowl of cabbage and mushroom stew	Dark mushroom slices contrast with pale cabbage in a reduced household stew.	Woodsy savour gives depth to the softened leaves.	vegetable	Hearty	Cooked	Standard	520	4	Universal
preindustrial_food_cabbage_garlic_broth	Shared	Prepared	Soup	bowl	a bowl of cabbage garlic broth	Crushed garlic clouds the broth slightly around long, tender cabbage ribbons.	Pungent warmth enlivens the sweetly cooked brassica.	vegetable	Light	Cooked	Standard	420	4	Universal
preindustrial_food_cabbage_and_pea_soup	Shared	Prepared	Soup	bowl	a bowl of cabbage and pea soup	Green peas punctuate pale cabbage strips in a softly thickened soup.	Pulse sweetness reinforces the fresh garden flavour.	pea	Standard	Cooked	Standard	420	4	Universal
preindustrial_food_cabbage_garden_pot	Shared	Prepared	Stew	bowl	a bowl of cabbage garden pot	Cabbage, roots, peas, and herbs crowd a colourful pot with little free liquor.	The bowl tastes varied, vegetal, and gently earthy.	vegetable	Hearty	Cooked	Standard	520	4	Universal
preindustrial_food_thick_cabbage_pottage	Shared	Prepared	Stew	bowl	a bowl of thick cabbage pottage	Finely chopped cabbage has cooked down into a dense, spoonable pale-green pottage.	It is soft, sweetly vegetal, and plainly savoury.	vegetable	Hearty	Cooked	Standard	520	4	Universal
preindustrial_food_turnip_soup	Shared	Prepared	Soup	bowl	a bowl of turnip soup	Pale turnip cubes float in a clear broth carrying a faint ivory haze from the roots.	The soup is earthy, mildly bitter, and cleanly salted.	vegetable	Standard	Cooked	Standard	420	4	Universal
preindustrial_food_turnip_and_onion_broth	Shared	Prepared	Soup	bowl	a bowl of turnip and onion broth	Translucent onions wind around tender turnip pieces in a light golden liquor.	Onion sweetness softens the root's peppery, earthy edge.	vegetable	Light	Cooked	Standard	420	4	Universal
preindustrial_food_turnip_and_leek_stew	Shared	Prepared	Stew	bowl	a bowl of turnip and leek stew	Leek rings and ivory turnip chunks fill a thick stew with a muted green cast.	Gentle allium warmth rounds the robust root flavour.	vegetable	Hearty	Cooked	Standard	520	4	Universal
preindustrial_food_turnip_greens_potage	Shared	Prepared	Stew	bowl	a bowl of turnip greens potage	Dark turnip greens marble a dense pale potage made from mashed and diced roots.	Mineral leaves sharpen the creamy root's gentle bitterness.	vegetable	Hearty	Cooked	Standard	520	4	Universal
preindustrial_food_turnip_and_lentil_soup	Shared	Prepared	Soup	bowl	a bowl of turnip and lentil soup	Russet lentils gather between white turnip cubes in a brown, lightly thickened soup.	Peppery pulses reinforce the root's earthy savour.	lentil	Standard	Cooked	Standard	420	4	Universal
preindustrial_food_turnip_and_mushroom_pot	Shared	Prepared	Stew	bowl	a bowl of turnip and mushroom pot	Brown mushroom slices lie among soft turnips in a close, glossy one-pot dish.	Woodland depth makes the humble root taste fuller.	vegetable	Hearty	Cooked	Standard	520	4	Universal
preindustrial_food_turnip_herb_broth	Shared	Prepared	Soup	bowl	a bowl of turnip herb broth	Fresh green herbs float over sparse turnip dice in a clear aromatic broth.	Leafy fragrance lifts the mild peppery root.	vegetable	Light	Cooked	Standard	420	4	Universal
preindustrial_food_turnip_cabbage_stew	Shared	Prepared	Stew	bowl	a bowl of turnip cabbage stew	Pale cabbage ribbons and turnip chunks soften together in a substantial vegetable stew.	Sweet brassica tempers the turnip's earthy bite.	vegetable	Hearty	Cooked	Standard	520	4	Universal
preindustrial_food_turnip_and_barley_soup	Shared	Prepared	Soup	bowl	a bowl of turnip and barley soup	Pearled barley settles around turnip cubes beneath a cloudy beige-gold broth.	Chewy maltiness gives warmth to the mild root.	barley	Standard	Cooked	Standard	420	4	Universal
preindustrial_food_thick_turnip_pottage	Shared	Prepared	Stew	bowl	a bowl of thick turnip pottage	Mashed turnip forms a dense ivory pottage dotted with a few firmer root pieces.	It tastes creamy, earthy, and pleasantly peppery.	vegetable	Hearty	Cooked	Standard	520	4	Universal
preindustrial_food_parsnip_soup	Shared	Prepared	Soup	bowl	a bowl of parsnip soup	Ivory parsnip coins lend a soft golden haze to their otherwise clear broth.	Natural root sweetness leads into a warm earthy finish.	vegetable	Standard	Cooked	Standard	420	4	Universal
preindustrial_food_parsnip_and_onion_stew	Shared	Prepared	Stew	bowl	a bowl of parsnip and onion stew	Soft onions cling to parsnip chunks in a glossy, honey-coloured stew.	Caramel allium deepens the parsnip's sweet nuttiness.	vegetable	Hearty	Cooked	Standard	520	4	Universal
preindustrial_food_parsnip_herb_broth	Shared	Prepared	Soup	bowl	a bowl of parsnip herb broth	Slender parsnip pieces and chopped herbs remain distinct in a pale fragrant liquor.	Fresh greens keep the sweet root from becoming cloying.	vegetable	Light	Cooked	Standard	420	4	Universal
preindustrial_food_parsnip_and_barley_pot	Shared	Prepared	Stew	bowl	a bowl of parsnip and barley pot	Barley kernels and tender parsnip cubes crowd a thick, lightly browned pot.	Mellow grain balances the root's honeyed earthiness.	barley	Hearty	Cooked	Standard	520	4	Universal
preindustrial_food_parsnip_greens_soup	Shared	Prepared	Soup	bowl	a bowl of parsnip greens soup	Wilted leaves curl through a golden soup containing soft pieces of parsnip.	Mineral bitterness cuts across the sweet creamy root.	vegetable	Standard	Cooked	Standard	420	4	Universal
preindustrial_food_parsnip_mushroom_stew	Shared	Prepared	Stew	bowl	a bowl of parsnip mushroom stew	Dark mushrooms contrast sharply with pale parsnip in a reduced brown gravy.	Woodsy savour gives the sweet roots a rich depth.	vegetable	Hearty	Cooked	Standard	520	4	Universal
preindustrial_food_parsnip_and_pea_broth	Shared	Prepared	Soup	bowl	a bowl of parsnip and pea broth	Green peas and ivory parsnip pieces brighten a clean, lightly clouded broth.	Two gentle sweetnesses mingle above an earthy base.	pea	Rich	Cooked	Good	560	9	Universal
preindustrial_food_parsnip_cabbage_potage	Shared	Prepared	Stew	bowl	a bowl of parsnip cabbage potage	Cabbage shreds pattern a thick parsnip potage coloured warm cream and green.	Soft brassica adds a savoury note to the sweet mash.	vegetable	Hearty	Cooked	Standard	520	4	Universal
preindustrial_food_parsnip_garlic_soup	Shared	Prepared	Soup	bowl	a bowl of parsnip garlic soup	Crushed garlic disperses through a smooth golden soup with tender parsnip pieces.	Warm pungency checks the root's mellow sweetness.	vegetable	Standard	Cooked	Standard	420	4	Universal
preindustrial_food_thick_parsnip_stew	Shared	Prepared	Stew	bowl	a bowl of thick parsnip stew	Long-cooked parsnip has broken into a dense stew around larger caramel-edged chunks.	The spoonful is sweet, nutty, and deeply earthy.	vegetable	Hearty	Cooked	Standard	520	4	Universal
preindustrial_food_carrot_and_onion_soup	Shared	Prepared	Soup	bowl	a bowl of carrot and onion soup	Orange carrot coins show brightly beneath a broth crowded with silky onion strands.	Sweet vegetables create a mellow, rounded savour.	vegetable	Standard	Cooked	Standard	420	4	Universal
preindustrial_food_carrot_herb_broth	Shared	Prepared	Soup	bowl	a bowl of carrot herb broth	Fine herbs and thin carrot slices float in a clear, luminous orange-gold stock.	Fresh aromatics sharpen the carrot's clean sweetness.	vegetable	Light	Cooked	Standard	420	4	Universal
preindustrial_food_carrot_and_lentil_stew	Shared	Prepared	Stew	bowl	a bowl of carrot and lentil stew	Carrot pieces glow among russet lentils in a thick brick-coloured stew.	Sweet root and peppery pulse make a hearty balance.	lentil	Hearty	Cooked	Standard	520	4	Universal
preindustrial_food_carrot_barley_potage	Shared	Prepared	Stew	bowl	a bowl of carrot barley potage	Pearled barley breaks up an orange potage of softened and mashed carrot.	The grain's toasted chew steadies the root's sweetness.	barley	Hearty	Cooked	Standard	520	4	Universal
preindustrial_food_carrot_and_cabbage_soup	Shared	Prepared	Soup	bowl	a bowl of carrot and cabbage soup	Pale cabbage ribbons weave among carrot rounds in a light vegetable soup.	Brassica savour gives contrast to the sweet orange root.	vegetable	Standard	Cooked	Standard	420	4	Universal
preindustrial_food_carrot_greens_broth	Shared	Prepared	Soup	bowl	a bowl of carrot greens broth	Dark leafy greens drift around bright carrot pieces in a clear mineral broth.	Leafy bitterness leaves the carrot tasting especially sweet.	vegetable	Light	Cooked	Standard	420	4	Universal
preindustrial_food_carrot_mushroom_stew	Shared	Prepared	Stew	bowl	a bowl of carrot mushroom stew	Brown mushrooms and orange carrot chunks share a glossy, reduced cooking liquor.	Earthy fungi deepen the root's caramel character.	vegetable	Hearty	Cooked	Standard	520	4	Universal
preindustrial_food_carrot_and_pea_pot	Shared	Prepared	Stew	bowl	a bowl of carrot and pea pot	Green peas scatter between tender carrot pieces in a moist, colourful one-pot dish.	Fresh garden sweetness dominates the softly savoury base.	pea	Hearty	Cooked	Standard	520	4	Universal
preindustrial_food_carrot_garlic_soup	Shared	Prepared	Soup	bowl	a bowl of carrot garlic soup	Garlic fragments dot a smooth carrot soup whose surface shines deep orange.	Pungent warmth follows the root's mellow sweetness.	vegetable	Standard	Cooked	Standard	420	4	Universal
preindustrial_food_thick_carrot_pottage	Shared	Prepared	Stew	bowl	a bowl of thick carrot pottage	Mashed carrot makes a dense orange pottage with a few browned root cubes on top.	It tastes sweet, earthy, and warmly peppered.	vegetable	Hearty	Cooked	Standard	520	4	Universal
preindustrial_food_beetroot_soup	Shared	Prepared	Soup	bowl	a bowl of beetroot soup	Ruby beet pieces stain the clear broth a striking translucent crimson.	The flavour is earthy, sweet, and faintly mineral.	vegetable	Standard	Cooked	Standard	420	4	Universal
preindustrial_food_beetroot_and_cabbage_stew	Shared	Prepared	Stew	bowl	a bowl of beetroot and cabbage stew	Purple cabbage and beetroot collapse together into a glossy, wine-dark stew.	Deep vegetable sweetness ends with a pleasant earthy tang.	vegetable	Hearty	Cooked	Standard	520	4	Universal
preindustrial_food_beetroot_onion_broth	Shared	Prepared	Soup	bowl	a bowl of beetroot onion broth	Onion strands appear pink beneath a bright red broth surrounding tender beet dice.	Allium sweetness softens the beet's mineral depth.	vegetable	Light	Cooked	Standard	420	4	Universal
preindustrial_food_beetroot_and_lentil_pot	Shared	Prepared	Stew	bowl	a bowl of beetroot and lentil pot	Russet lentils and beetroot form a dense burgundy pot with visible pulse skins.	Peppery earthiness meets dark root sweetness.	lentil	Hearty	Cooked	Standard	520	4	Universal
preindustrial_food_beetroot_herb_soup	Shared	Prepared	Soup	bowl	a bowl of beetroot herb soup	Chopped green herbs stand out vividly across the crimson surface of beet soup.	Fresh fragrance lightens its sweet, soil-rich character.	vegetable	Standard	Cooked	Standard	420	4	Universal
preindustrial_food_beetroot_and_mushroom_stew	Shared	Prepared	Stew	bowl	a bowl of beetroot and mushroom stew	Dark mushrooms nearly disappear among beets in a thick purple-brown stew.	Woodland savour reinforces the root's deep earthiness.	vegetable	Hearty	Cooked	Standard	520	4	Universal
preindustrial_food_beetroot_greens_broth	Shared	Prepared	Soup	bowl	a bowl of beetroot greens broth	Beet greens and ruby stems drift through a translucent red cooking broth.	Mineral leaves temper the root's concentrated sweetness.	vegetable	Light	Cooked	Standard	420	4	Universal
preindustrial_food_beetroot_barley_potage	Shared	Prepared	Stew	bowl	a bowl of beetroot barley potage	Barley pearls show pink and gold within a dense beetroot potage.	Malted chew offers relief from the sweet earthy base.	barley	Hearty	Cooked	Standard	520	4	Universal
preindustrial_food_beetroot_garlic_soup	Shared	Prepared	Soup	bowl	a bowl of beetroot garlic soup	Soft garlic pieces gleam pale against a smooth, dark crimson soup.	Warm pungency cuts cleanly through the beet sweetness.	vegetable	Standard	Cooked	Standard	420	4	Universal
preindustrial_food_thick_beetroot_stew	Shared	Prepared	Stew	bowl	a bowl of thick beetroot stew	Beetroot has cooked down into a close purple stew around firm ruby cubes.	It tastes robust, mineral, and naturally sweet.	vegetable	Hearty	Cooked	Standard	520	4	Universal
preindustrial_food_leek_soup	Shared	Prepared	Soup	bowl	a bowl of leek soup	Pale green leek rings float freely in a clear broth with a slight buttery sheen.	The soup tastes gentle, onion-sweet, and fresh.	vegetable	Standard	Cooked	Standard	420	4	Universal
preindustrial_food_leek_and_onion_broth	Shared	Prepared	Soup	bowl	a bowl of leek and onion broth	Two kinds of softened allium form silky white and gold strands in clear stock.	Layered onion sweetness gives the light liquor surprising depth.	vegetable	Light	Cooked	Standard	420	4	Universal
preindustrial_food_leek_and_pea_stew	Shared	Prepared	Stew	bowl	a bowl of leek and pea stew	Green peas dot a thick stew of collapsed leeks and reduced vegetable broth.	Sweet pulse and mild allium form a soft garden savour.	pea	Hearty	Cooked	Standard	520	4	Universal
preindustrial_food_leek_barley_potage	Shared	Prepared	Stew	bowl	a bowl of leek barley potage	Barley kernels remain plump among leeks in a creamy, pale-green potage.	Malted grain enriches the leek's delicate sweetness.	barley	Hearty	Cooked	Standard	520	4	Universal
preindustrial_food_leek_and_greens_soup	Shared	Prepared	Soup	bowl	a bowl of leek and greens soup	Dark leaves contrast with pale leek rings in a clean green vegetable soup.	Mineral bitterness sharpens the gentle allium flavour.	vegetable	Standard	Cooked	Standard	420	4	Universal
preindustrial_food_leek_mushroom_stew	Shared	Prepared	Stew	bowl	a bowl of leek mushroom stew	Brown mushrooms lie under tangled leeks in a glossy, wood-scented stew.	Earthy fungi complement the leeks' mellow sweetness.	vegetable	Rich	Cooked	Good	560	9	Universal
preindustrial_food_leek_herb_broth	Shared	Prepared	Soup	bowl	a bowl of leek herb broth	Fresh herbs and slender leek pieces brighten a transparent golden broth.	Garden aromatics make the mild allium taste lively.	vegetable	Light	Cooked	Standard	420	4	Universal
preindustrial_food_leek_cabbage_pot	Shared	Prepared	Stew	bowl	a bowl of leek cabbage pot	Leek rings and cabbage ribbons fill a pale one-pot dish softened nearly to silk.	The vegetables taste sweet, savoury, and delicately sulfurous.	vegetable	Hearty	Cooked	Standard	520	4	Universal
preindustrial_food_leek_garlic_soup	Shared	Prepared	Soup	bowl	a bowl of leek garlic soup	Crushed garlic clouds a smooth leek soup and leaves tiny pale flecks throughout.	Warm pungency strengthens the otherwise gentle sweetness.	vegetable	Standard	Cooked	Standard	420	4	Universal
preindustrial_food_thick_leek_pottage	Shared	Prepared	Stew	bowl	a bowl of thick leek pottage	Finely cooked leeks give this dense pale-green pottage a fibrous, spoon-coating body.	It tastes creamy, mellow, and deeply allium-sweet.	vegetable	Hearty	Cooked	Standard	520	4	Universal
preindustrial_food_onion_soup	Shared	Prepared	Soup	bowl	a bowl of onion soup	Long-cooked onion strands fill a clear amber soup beneath a delicate sheen of cooking fat.	It tastes mellow, sweet, and deeply allium-rich.	vegetable	Standard	Cooked	Standard	420	4	Universal
preindustrial_food_roasted_onion_broth	Shared	Prepared	Soup	bowl	a bowl of roasted onion broth	Charred onion petals darken a brown broth with tiny blackened edges still visible.	Roast sweetness carries a restrained smoky bitterness.	vegetable	Light	Cooked	Standard	420	4	Universal
preindustrial_food_onion_and_bread_soup	Shared	Prepared	Soup	bowl	a bowl of onion and bread soup	Swollen bread pieces sit beneath silky onions in a thickened, golden-brown soup.	Sweet allium soaks into the soft toasted crumb.	bread	Standard	Cooked	Standard	420	4	Universal
preindustrial_food_onion_and_lentil_stew	Shared	Prepared	Stew	bowl	a bowl of onion and lentil stew	Russet lentils pack the spaces between caramelised onions in a close brown stew.	Peppery pulse earthiness steadies the onions' sweetness.	lentil	Hearty	Cooked	Standard	520	4	Universal
preindustrial_food_onion_herb_potage	Shared	Prepared	Stew	bowl	a bowl of onion herb potage	Fresh green herbs scatter across a smooth ochre potage of slowly softened onions.	Leafy fragrance sharpens the rich allium base.	vegetable	Hearty	Cooked	Standard	520	4	Universal
preindustrial_food_onion_and_cabbage_soup	Shared	Prepared	Soup	bowl	a bowl of onion and cabbage soup	Pale cabbage ribbons mingle almost indistinguishably with translucent onions in light broth.	Layered vegetable sweetness ends with a mild brassica note.	vegetable	Standard	Cooked	Standard	420	4	Universal
preindustrial_food_onion_mushroom_broth	Shared	Prepared	Soup	bowl	a bowl of onion mushroom broth	Brown mushroom slices float among onion strands in a clear, wood-scented liquor.	Earthy fungi deepen the onion's caramel savour.	vegetable	Light	Cooked	Standard	420	4	Universal
preindustrial_food_onion_and_barley_pot	Shared	Prepared	Stew	bowl	a bowl of onion and barley pot	Pearled barley rests beneath onions in a moist pot glazed by reduced stock.	Chewy maltiness gives substance to the soft sweet allium.	barley	Hearty	Cooked	Standard	520	4	Universal
preindustrial_food_onion_greens_stew	Shared	Prepared	Stew	bowl	a bowl of onion greens stew	Dark wilted leaves break up a glossy stew dominated by long brown onion ribbons.	Mineral bitterness cuts through the concentrated sweetness.	vegetable	Hearty	Cooked	Standard	520	4	Universal
preindustrial_food_thick_onion_pottage	Shared	Prepared	Stew	bowl	a bowl of thick onion pottage	Onions have dissolved into a dense tawny pottage with only a few silky strands remaining.	It is deeply sweet, savoury, and faintly smoky.	vegetable	Hearty	Cooked	Standard	520	4	Universal
preindustrial_food_mushroom_soup	Shared	Prepared	Soup	bowl	a bowl of mushroom soup	Sliced brown caps and pale stems drift in a clear broth stained by mushroom liquor.	The flavour is woodsy, clean, and quietly peppery.	vegetable	Standard	Cooked	Standard	420	4	Universal
preindustrial_food_mushroom_and_leek_stew	Shared	Prepared	Stew	bowl	a bowl of mushroom and leek stew	Soft leeks curl around mushrooms in a glossy taupe stew reduced close to the solids.	Mild allium sweetness rounds the woodland savour.	vegetable	Hearty	Cooked	Standard	520	4	Universal
preindustrial_food_mushroom_barley_broth	Shared	Prepared	Soup	bowl	a bowl of mushroom barley broth	Barley pearls gather below mushroom slices in a translucent nut-brown broth.	Toasted grain complements the fungi's earthy depth.	barley	Light	Cooked	Standard	420	4	Universal
preindustrial_food_mushroom_and_lentil_pot	Shared	Prepared	Stew	bowl	a bowl of mushroom and lentil pot	Dark mushrooms and russet lentils form a thick, mottled one-pot dish.	Peppery pulses reinforce the rich forest-floor character.	lentil	Hearty	Cooked	Standard	520	4	Universal
preindustrial_food_mushroom_herb_soup	Shared	Prepared	Soup	bowl	a bowl of mushroom herb soup	Fresh herb flecks brighten a pale brown soup crowded with varied mushroom pieces.	Green aromatics lift the damp, savoury mushroom flavour.	vegetable	Standard	Cooked	Standard	420	4	Universal
preindustrial_food_mushroom_cabbage_stew	Shared	Prepared	Stew	bowl	a bowl of mushroom cabbage stew	Pale cabbage lies folded between dark mushroom slices in a soft household stew.	Sweet brassica lightens the concentrated woodland juices.	vegetable	Hearty	Cooked	Standard	520	4	Universal
preindustrial_food_mushroom_garlic_broth	Shared	Prepared	Soup	bowl	a bowl of mushroom garlic broth	Crushed garlic and thin mushrooms float in a clear tawny, aromatic broth.	Warm pungency follows a clean earthy savour.	vegetable	Light	Cooked	Standard	420	4	Universal
preindustrial_food_mushroom_and_rice_potage	Shared	Prepared	Stew	bowl	a bowl of mushroom and rice potage	White rice has burst around mushrooms, making the potage creamy and grey-brown.	Mellow starch carries the fungi's deep savour gently.	rice	Hearty	Cooked	Standard	520	4	RegionalOldWorld
preindustrial_food_mixed_mushroom_soup	Shared	Prepared	Soup	bowl	a bowl of mixed mushroom soup	Several mushroom shapes and colours share a dark broth with a glossy natural sheen.	Each spoonful shifts from delicate nuttiness to robust earthiness.	vegetable	Standard	Cooked	Standard	420	4	Universal
preindustrial_food_thick_mushroom_pottage	Shared	Prepared	Stew	bowl	a bowl of thick mushroom pottage	Minced mushrooms give this dense brown pottage a coarse, spoon-clinging body.	It tastes intensely woodsy, savoury, and softly peppered.	vegetable	Hearty	Cooked	Standard	520	4	Universal
preindustrial_food_beef_and_barley_stew	Shared	Prepared	Stew	bowl	a bowl of beef and barley stew	Dark beef cubes and pearled barley crowd a glossy stew coloured deep brown by meat juices.	Malted chew supports the beef's rich roasted savour.	meat	Hearty	Cooked	Standard	520	4	Universal
preindustrial_food_beef_and_onion_soup	Shared	Prepared	Soup	bowl	a bowl of beef and onion soup	Shredded beef lies beneath translucent onions in a clear, mahogany-coloured soup.	Sweet allium softens the strong and mineral meat.	meat	Standard	Cooked	Standard	420	4	Universal
preindustrial_food_beef_root_potage	Shared	Prepared	Stew	bowl	a bowl of beef root potage	Colourful root dice surround tender beef pieces in a thick, brown spoon-coating potage.	Earthy sweetness balances the deep beef flavour.	meat	Hearty	Cooked	Standard	520	4	Universal
preindustrial_food_beef_and_cabbage_stew	Shared	Prepared	Stew	bowl	a bowl of beef and cabbage stew	Pale cabbage has absorbed the dark juices around slow-cooked beef.	Sweet softened leaves contrast with robust meat savour.	meat	Hearty	Cooked	Standard	520	4	Universal
preindustrial_food_beef_herb_broth	Shared	Prepared	Soup	bowl	a bowl of beef herb broth	Green herbs float above beef shreds in a clear stock with amber beads of fat.	Fresh aromatics brighten the clean, meaty liquor.	meat	Rich	Cooked	Good	560	9	Universal
preindustrial_food_beef_and_lentil_pot	Shared	Prepared	Stew	bowl	a bowl of beef and lentil pot	Russet lentils fill a dense pot around small dark pieces of beef.	Peppery pulses stretch the rich meat flavour warmly.	lentil	Hearty	Cooked	Standard	520	4	Universal
preindustrial_food_beef_marrow_soup	Shared	Prepared	Soup	bowl	a bowl of beef marrow soup	Pearls of melted marrow shine across broth holding beef fibres and split bones.	Buttery richness amplifies the stock's deep mineral savour.	meat	Standard	Cooked	Standard	420	4	Universal
preindustrial_food_beef_and_leek_stew	Shared	Prepared	Stew	bowl	a bowl of beef and leek stew	Pale leek rings curl among beef chunks in a reduced, glossy brown sauce.	Mild allium sweetness mellows the robust flesh.	meat	Hearty	Cooked	Standard	520	4	Universal
preindustrial_food_beef_mushroom_broth	Shared	Prepared	Soup	bowl	a bowl of beef mushroom broth	Mushrooms and shredded beef share a clear dark broth scented of woods and roast juices.	Earthy fungi reinforce the meat's savoury depth.	meat	Light	Cooked	Standard	420	4	Universal
preindustrial_food_thick_beef_pottage	Shared	Prepared	Stew	bowl	a bowl of thick beef pottage	Long cooking has broken beef into fibres throughout a dense grain-thickened pottage.	It tastes rich, peppery, and deeply sustaining.	meat	Hearty	Cooked	Standard	520	4	Universal
preindustrial_food_mutton_and_barley_stew	Shared	Prepared	Stew	bowl	a bowl of mutton and barley stew	Mutton pieces and barley kernels gleam beneath a rich gravy with small pools of sheep fat.	Malty grain steadies the meat's pastoral richness.	meat	Hearty	Cooked	Standard	520	4	Universal
preindustrial_food_mutton_onion_soup	Shared	Prepared	Soup	bowl	a bowl of mutton onion soup	Dark mutton shreds and sweet onion strands fill an amber, fat-beaded soup.	Caramel allium tempers the strong sheep flavour.	meat	Standard	Cooked	Standard	420	4	Universal
preindustrial_food_mutton_and_turnip_pot	Shared	Prepared	Stew	bowl	a bowl of mutton and turnip pot	Pale turnips sit among mutton pieces in a close pot coated with savoury juices.	Peppery root cuts across the abundant fat.	meat	Hearty	Cooked	Standard	520	4	Universal
preindustrial_food_mutton_cabbage_stew	Shared	Prepared	Stew	bowl	a bowl of mutton cabbage stew	Cabbage ribbons have softened into the glossy sauce surrounding tender mutton.	Vegetable sweetness lightens the gamey richness.	meat	Hearty	Cooked	Standard	520	4	Universal
preindustrial_food_mutton_herb_broth	Shared	Prepared	Soup	bowl	a bowl of mutton herb broth	Aromatic leaves scatter over dark mutton fibres in a clear golden broth.	Fresh herbs lift the robust, fatty stock.	meat	Light	Cooked	Standard	420	4	Universal
preindustrial_food_mutton_and_lentil_soup	Shared	Prepared	Soup	bowl	a bowl of mutton and lentil soup	Brown lentils and mutton morsels share a thick soup beneath a reddish sheen.	Earthy pulses blend naturally with the strong meat.	lentil	Standard	Cooked	Standard	420	4	Universal
preindustrial_food_mutton_leek_potage	Shared	Prepared	Stew	bowl	a bowl of mutton leek potage	Soft leeks form pale ribbons through a dense potage enriched with mutton juices.	Gentle allium sweetness rounds the pastoral savour.	meat	Hearty	Cooked	Standard	520	4	Universal
preindustrial_food_mutton_mushroom_stew	Shared	Prepared	Stew	bowl	a bowl of mutton mushroom stew	Mushroom caps and mutton pieces lie together in a dark, richly reduced stew.	Woodsy earthiness complements the gamey fat.	meat	Hearty	Cooked	Standard	520	4	Universal
preindustrial_food_mutton_garlic_broth	Shared	Prepared	Soup	bowl	a bowl of mutton garlic broth	Whole softened garlic cloves sit beside mutton shreds in a clear, aromatic liquor.	Pungent sweetness counters the sheep's robust character.	meat	Hearty	Cooked	Good	520	8	Universal
preindustrial_food_thick_mutton_pottage	Shared	Prepared	Stew	bowl	a bowl of thick mutton pottage	Fine mutton fibres run throughout a close brown pottage with a glossy fatty surface.	It is rich, gamey, and warmly peppered.	meat	Hearty	Cooked	Standard	520	4	Universal
preindustrial_food_pork_and_cabbage_stew	Shared	Prepared	Stew	bowl	a bowl of pork and cabbage stew	Pale pork and cabbage fill a soft stew shining with translucent rendered fat.	Sweet brassica echoes the meat's gentle richness.	meat	Hearty	Cooked	Standard	520	4	Universal
preindustrial_food_pork_and_onion_soup	Shared	Prepared	Soup	bowl	a bowl of pork and onion soup	Onion strands surround tender pork pieces in a light amber, softly fatty soup.	Allium sweetness deepens the pork's mild savour.	meat	Standard	Cooked	Standard	420	4	Universal
preindustrial_food_pork_barley_potage	Shared	Prepared	Stew	bowl	a bowl of pork barley potage	Barley pearls sit among pork morsels in a thick potage glossed by rendered fat.	Malted grain absorbs the sweet, salty meat juices.	meat	Hearty	Cooked	Standard	520	4	Universal
preindustrial_food_pork_and_bean_stew	Shared	Prepared	Stew	bowl	a bowl of pork and bean stew	Creamy beans and pork pieces crowd a pale brown, substantial stew.	Earthy pulses carry the pork's fatty richness.	bean	Hearty	Cooked	Standard	520	4	Universal
preindustrial_food_pork_herb_broth	Shared	Prepared	Soup	bowl	a bowl of pork herb broth	Fresh herb fragments drift above pork shreds in a clear broth beaded with fat.	Green fragrance brightens the sweet pork stock.	meat	Light	Cooked	Standard	420	4	Universal
preindustrial_food_pork_and_turnip_pot	Shared	Prepared	Stew	bowl	a bowl of pork and turnip pot	Turnip cubes break up a moist pot of pork cooked nearly to tenderness.	Earthy bitterness checks the meat's rich sweetness.	meat	Hearty	Cooked	Standard	520	4	Universal
preindustrial_food_pork_leek_soup	Shared	Prepared	Soup	bowl	a bowl of pork leek soup	Pale leek rings and pork strips lie in a softly clouded golden soup.	Mild allium pairs with the meat's gentle fat.	meat	Standard	Cooked	Standard	420	4	Universal
preindustrial_food_pork_mushroom_stew	Shared	Prepared	Stew	bowl	a bowl of pork mushroom stew	Brown mushrooms nestle among pork pieces in a glossy reduced gravy.	Woodland savour gives depth to the sweet flesh.	meat	Hearty	Cooked	Standard	520	4	Universal
preindustrial_food_pork_garlic_broth	Shared	Prepared	Soup	bowl	a bowl of pork garlic broth	Soft garlic and pork shreds share a clear stock with tiny golden fat droplets.	Warm pungency follows the mild, rich meat.	meat	Light	Cooked	Standard	420	4	Universal
preindustrial_food_thick_pork_pottage	Shared	Prepared	Stew	bowl	a bowl of thick pork pottage	Pork fibres and rendered fat enrich a dense, beige-brown grain pottage.	The mouthful is savoury, creamy, and deeply filling.	meat	Hearty	Cooked	Standard	520	4	Universal
preindustrial_food_chicken_and_barley_soup	Shared	Prepared	Soup	bowl	a bowl of chicken and barley soup	Shredded chicken rests among pearled barley in a clear golden soup with tiny fat beads.	Mellow poultry stock carries the grain's toasted chew.	meat	Standard	Cooked	Standard	420	4	Universal
preindustrial_food_chicken_and_onion_broth	Shared	Prepared	Soup	bowl	a bowl of chicken and onion broth	Silky onion strands and pale chicken fibres drift through a carefully skimmed amber broth.	Sweet allium enriches the clean, delicate meat.	meat	Light	Cooked	Standard	420	4	Universal
preindustrial_food_chicken_root_stew	Shared	Prepared	Stew	bowl	a bowl of chicken root stew	Orange and ivory root cubes surround chicken pieces in a softly thickened gravy.	Earthy vegetables deepen the light poultry savour.	meat	Hearty	Cooked	Standard	520	4	Universal
preindustrial_food_chicken_and_cabbage_pot	Shared	Prepared	Stew	bowl	a bowl of chicken and cabbage pot	Cabbage ribbons have absorbed the juices around chicken in a moist, pale one-pot dish.	Sweet leaves complement the bird's gentle richness.	meat	Rich	Cooked	Good	560	9	Universal
preindustrial_food_chicken_herb_soup	Shared	Prepared	Soup	bowl	a bowl of chicken herb soup	Green herbs stipple a golden soup containing tender shreds and small joints of chicken.	Fresh aromatics brighten the soothing poultry broth.	meat	Standard	Cooked	Standard	420	4	Universal
preindustrial_food_chicken_and_rice_stew	Shared	Prepared	Stew	bowl	a bowl of chicken and rice stew	Soft rice binds chicken pieces into a creamy white-gold stew with little free liquor.	Mellow starch absorbs every trace of savoury bird.	meat	Hearty	Cooked	Standard	520	4	RegionalOldWorld
preindustrial_food_chicken_leek_broth	Shared	Prepared	Soup	bowl	a bowl of chicken leek broth	Pale leek rings curl beside chicken fibres in a clear broth carrying a light sheen.	Gentle onion sweetness rounds the clean poultry flavour.	meat	Light	Cooked	Standard	420	4	Universal
preindustrial_food_chicken_mushroom_potage	Shared	Prepared	Stew	bowl	a bowl of chicken mushroom potage	Brown mushroom slices and chicken pieces fill a thick taupe potage.	Woodsy savour gives the mild meat a deeper finish.	meat	Hearty	Cooked	Standard	520	4	Universal
preindustrial_food_chicken_garlic_soup	Shared	Prepared	Soup	bowl	a bowl of chicken garlic soup	Soft garlic cloves gleam among pale chicken shreds in a warmly scented golden soup.	Pungent sweetness follows the delicate, fatty broth.	meat	Standard	Cooked	Standard	420	4	Universal
preindustrial_food_thick_chicken_pottage	Shared	Prepared	Stew	bowl	a bowl of thick chicken pottage	Finely shredded chicken runs through a dense grain pottage coloured warm cream.	It tastes soothing, savoury, and substantially rich.	meat	Hearty	Cooked	Standard	520	4	Universal
preindustrial_food_fish_and_barley_soup	Shared	Prepared	Soup	bowl	a bowl of fish and barley soup	Moist fish flakes float above barley kernels in a clear coastal broth.	Briny sweetness meets the grain's warm malty note.	fish	Standard	Cooked	Standard	420	4	Universal
preindustrial_food_fish_and_onion_broth	Shared	Prepared	Soup	bowl	a bowl of fish and onion broth	Translucent onion strands drift with small fish pieces through a clean pale stock.	Allium sweetness softens the broth's delicate salinity.	fish	Light	Cooked	Standard	420	4	Universal
preindustrial_food_fish_vegetable_stew	Shared	Prepared	Stew	bowl	a bowl of fish vegetable stew	Firm fish pieces sit among colourful vegetable dice in a lightly thickened stew.	Fresh garden flavours balance the clean briny flesh.	fish	Hearty	Cooked	Standard	520	4	Universal
preindustrial_food_fish_and_greens_pot	Shared	Prepared	Stew	bowl	a bowl of fish and greens pot	Dark wilted leaves fold around fish flakes in a moist, mineral-rich pot.	Leafy bitterness sharpens the seafood's gentle sweetness.	fish	Hearty	Cooked	Standard	520	4	Universal
preindustrial_food_fish_herb_soup	Shared	Prepared	Soup	bowl	a bowl of fish herb soup	Chopped herbs scatter across a clear soup holding tender white fish pieces.	Green fragrance lifts the restrained coastal savour.	fish	Standard	Cooked	Standard	420	4	Universal
preindustrial_food_fish_and_rice_stew	Shared	Prepared	Stew	bowl	a bowl of fish and rice stew	Rice has softened around fish flakes, forming a pale and creamy spoonful.	Mellow grain carries a delicate briny finish.	fish	Hearty	Cooked	Standard	520	4	RegionalOldWorld
preindustrial_food_fish_leek_broth	Shared	Prepared	Soup	bowl	a bowl of fish leek broth	Fine leek rings and fish flakes remain distinct beneath a translucent golden liquor.	Mild allium complements the fish without overwhelming it.	fish	Light	Cooked	Standard	420	4	Universal
preindustrial_food_fish_mushroom_potage	Shared	Prepared	Stew	bowl	a bowl of fish mushroom potage	Mushrooms darken a thick potage containing pale fragments of gently cooked fish.	Earthy depth contrasts with the clean seafood sweetness.	fish	Hearty	Cooked	Standard	520	4	Universal
preindustrial_food_fish_garlic_soup	Shared	Prepared	Soup	bowl	a bowl of fish garlic soup	Crushed garlic clouds the broth faintly around moist flakes of white fish.	Warm pungency gives the mild brine a lively edge.	fish	Standard	Cooked	Standard	420	4	Universal
preindustrial_food_thick_fish_pottage	Shared	Prepared	Stew	bowl	a bowl of thick fish pottage	Fish has broken into fine flakes throughout a dense, herb-speckled grain pottage.	It is savoury, substantial, and gently sea-sweet.	fish	Hearty	Cooked	Standard	520	4	Universal
preindustrial_food_shellfish_vegetable_soup	Shared	Prepared	Soup	bowl	a bowl of shellfish vegetable soup	Small shellfish meats nestle among bright garden dice in a clear mineral broth.	Sweet brine enlivens the fresh vegetable flavours.	fish	Standard	Cooked	Standard	420	4	Universal
preindustrial_food_shellfish_onion_broth	Shared	Prepared	Soup	bowl	a bowl of shellfish onion broth	Soft onion ribbons float beside curled shellfish in a pale, fragrant coastal liquor.	Allium sweetness echoes the shellfish's natural richness.	fish	Light	Cooked	Standard	420	4	Universal
preindustrial_food_shellfish_and_rice_stew	Shared	Prepared	Stew	bowl	a bowl of shellfish and rice stew	Tender shellfish dot a creamy rice stew with pink, ivory, and brown pieces.	Mellow starch absorbs their concentrated briny juices.	fish	Hearty	Cooked	Standard	520	4	RegionalOldWorld
preindustrial_food_shellfish_greens_pot	Shared	Prepared	Stew	bowl	a bowl of shellfish greens pot	Dark greens surround small shellfish in a moist pot with a faintly pearly broth.	Mineral leaves temper the seafood's sweet salinity.	fish	Hearty	Cooked	Standard	520	4	Universal
preindustrial_food_shellfish_herb_soup	Shared	Prepared	Soup	bowl	a bowl of shellfish herb soup	Fresh herbs speckle clear stock crowded with several shapes of shellfish meat.	Aromatic greens brighten the lively ocean savour.	fish	Standard	Cooked	Standard	420	4	Universal
preindustrial_food_shellfish_barley_stew	Shared	Prepared	Stew	bowl	a bowl of shellfish barley stew	Barley pearls and shellfish fill a thick tawny stew enriched by their cooking liquor.	Toasted grain grounds the bright marine sweetness.	fish	Hearty	Cooked	Standard	520	4	Universal
preindustrial_food_shellfish_leek_broth	Shared	Prepared	Soup	bowl	a bowl of shellfish leek broth	Pale leek rings mingle with curled shellfish beneath a clear, gold-tinged surface.	Gentle allium rounds the clean and mineral brine.	fish	Light	Cooked	Standard	420	4	Universal
preindustrial_food_shellfish_mushroom_potage	Shared	Prepared	Stew	bowl	a bowl of shellfish mushroom potage	Brown mushrooms and small shellfish pieces pattern a thick grey-beige potage.	Woodland earthiness meets a distinctly coastal sweetness.	fish	Hearty	Cooked	Standard	520	4	Universal
preindustrial_food_shellfish_garlic_soup	Shared	Prepared	Soup	bowl	a bowl of shellfish garlic soup	Soft garlic fragments drift among shellfish in a clear broth with a pearly sheen.	Pungent warmth strengthens the sweet briny stock.	fish	Standard	Cooked	Standard	420	4	Universal
preindustrial_food_thick_shellfish_pottage	Shared	Prepared	Stew	bowl	a bowl of thick shellfish pottage	Minced shellfish and grain create a close, spoon-coating pottage flecked pink and green.	It tastes rich, mineral, and intensely maritime.	fish	Hearty	Cooked	Standard	520	4	Universal
preindustrial_food_milk_and_barley_soup	Shared	Prepared	Soup	bowl	a bowl of milk and barley soup	Pearled barley lies beneath a pale milk broth whose surface carries a creamy skin.	Malty grain gives the gentle dairy sweetness substance.	barley	Standard	Cooked	Standard	420	4	Universal
preindustrial_food_milk_and_rice_pottage	Shared	Prepared	Stew	bowl	a bowl of milk and rice pottage	Soft rice has thickened milk into a smooth ivory pottage with visible swollen grains.	It tastes creamy, mellow, and quietly cereal-sweet.	rice	Hearty	Cooked	Standard	520	4	RegionalOldWorld
preindustrial_food_yoghurt_herb_soup	Shared	Prepared	Soup	bowl	a bowl of yoghurt herb soup	Green herbs swirl through a cool-looking white soup made from thinned cultured yoghurt.	Fresh leaves sharpen the clean lactic tang.	yoghurt	Rich	Cooked	Good	560	9	RegionalOldWorld
preindustrial_food_yoghurt_and_greens_broth	Shared	Prepared	Soup	bowl	a bowl of yoghurt and greens broth	Wilted greens marble a pale tart broth with streaks of deep green.	Mineral leaves balance the yoghurt's refreshing sourness.	yoghurt	Light	Cooked	Standard	420	4	RegionalOldWorld
preindustrial_food_cheese_and_onion_soup	Shared	Prepared	Soup	bowl	a bowl of cheese and onion soup	Soft cheese threads melt between golden onions in a cloudy, rich soup.	Salty dairy tang deepens the caramel allium.	cheese	Standard	Cooked	Standard	420	4	Universal
preindustrial_food_cheese_and_leek_potage	Shared	Prepared	Stew	bowl	a bowl of cheese and leek potage	Leek rings remain visible in a thick pale potage enriched with melted cheese.	Mild onion sweetness softens the sharp dairy savour.	cheese	Rich	Cooked	Good	520	9	Universal
preindustrial_food_milk_bread_soup	Shared	Prepared	Soup	bowl	a bowl of milk bread soup	Torn bread swells into soft white pieces beneath warm, lightly sweetened milk.	The dish is creamy, wheaten, and gently comforting.	bread	Standard	Cooked	Standard	420	4	Universal
preindustrial_food_soured_milk_stew	Shared	Prepared	Stew	bowl	a bowl of soured milk stew	Cultured milk forms a pale, slightly curdled sauce around tender vegetable pieces.	Clean acidity gives the soft stew a refreshing edge.	yoghurt	Hearty	Cooked	Standard	520	4	Universal
preindustrial_food_cheese_and_barley_pot	Shared	Prepared	Stew	bowl	a bowl of cheese and barley pot	Barley kernels gleam beneath melted cheese in a dense golden one-pot dish.	Nutty grain and salty dairy make a hearty pairing.	cheese	Hearty	Cooked	Standard	520	4	Universal
preindustrial_food_yoghurt_lentil_soup	Shared	Prepared	Soup	bowl	a bowl of yoghurt lentil soup	Russet lentils show through a pale yoghurt soup mottled by herbs and spice.	Peppery pulses sit beneath a bright cultured tang.	lentil	Standard	Cooked	Standard	420	4	RegionalOldWorld
preindustrial_food_famine_weed_soup	Shared	Prepared	Soup	bowl	a bowl of famine weed soup	Sparse foraged leaves float in grey-green water with only a few chopped stems.	It tastes bitter, mineral, and desperately thin.	vegetable	BleakSolid	Cooked	Poor	380	1	Universal
preindustrial_food_famine_husk_gruel	Shared	Prepared	Soup	bowl	a bowl of famine husk gruel	Coarse husks and bran drift through a watery brown gruel that settles quickly.	The mouthful is rough, dusty, and barely cereal-like.	food	BleakThin	Cooked	Substandard	380	1	Universal
preindustrial_food_thin_cabbage_water	Shared	Prepared	Soup	bowl	a bowl of thin cabbage water	A few limp cabbage shreds colour an otherwise clear pot liquor pale green.	It offers faint brassica sweetness and little nourishment.	vegetable	BleakSolid	Cooked	Substandard	380	1	Universal
preindustrial_food_thin_onion_water	Shared	Prepared	Soup	bowl	a bowl of thin onion water	Several translucent onion threads float in weak, nearly colourless cooking water.	The taste is faintly sweet with a distant allium note.	vegetable	BleakThin	Cooked	Poor	380	1	Universal
preindustrial_food_scrap_vegetable_broth	Shared	Prepared	Soup	bowl	a bowl of scrap vegetable broth	Ragged peel ends and bruised trimmings drift through a murky, lightly salted broth.	It tastes unevenly vegetal, earthy, and spare.	vegetable	BleakSolid	Cooked	Substandard	380	1	Universal
preindustrial_food_stale_bread_soup	Shared	Prepared	Soup	bowl	a bowl of stale bread soup	Old bread has broken into sour-smelling lumps within a thin beige soup.	Softened crust lends a toasted taste despite the staleness.	bread	BleakThin	Cooked	Substandard	380	1	Universal
preindustrial_food_bran_and_greens_gruel	Shared	Prepared	Soup	bowl	a bowl of bran and greens gruel	Coarse brown bran suspends wilted leaves in a dark, gritty gruel.	It tastes rough, bitter, and faintly nutty.	vegetable	BleakSolid	Cooked	Poor	380	1	Universal
preindustrial_food_root_peeling_soup	Shared	Prepared	Soup	bowl	a bowl of root peeling soup	Curled root peelings and trimmed ends float in a cloudy, earth-coloured liquor.	The broth is austere, earthy, and mildly sweet.	vegetable	BleakThin	Cooked	Substandard	380	1	Universal
preindustrial_food_pulse_water_broth	Shared	Prepared	Soup	bowl	a bowl of pulse water broth	Cloudy water drained from cooked pulses carries only a few skins and fragments.	It tastes faintly earthy, starchy, and plainly salted.	food	BleakSolid	Cooked	Substandard	380	1	Universal
preindustrial_food_foraged_leaf_pottage	Shared	Prepared	Stew	bowl	a bowl of foraged leaf pottage	Mixed wild leaves cook into a dense green-brown pottage with fibrous stems throughout.	It is bitter, mineral, and sturdier than it looks.	vegetable	BleakThin	Cooked	Poor	380	1	Universal
