unique_reference,owner_era,availability,family,subfamily,culture_admission,noun,sdesc,material,size,quality,weight_g,cost,tags,components,craft_category,craft_trait,builder_notes
preindustrial_jewellery_ring_01,Pre-industrial,Antiquity / Medieval / Renaissance / Early Modern,Jewellery & devotional,personal adornment,cross-cultural,ring,a shell carnelian ring,carnelian,Tiny,Standard,20,8,Era / Pre-Industrial Era; Functions / Worn Items / Jewellery; Functions / Worn Items / Jewellery / Rings; Market / Jewellery / Standard Jewellery,Holdable; Wear_Ring; Destroyable_Misc,Jewellery and devotional work,Gemcraft,Pre-industrial personal adornment catalogue; culture admission cross-cultural; availability Antiquity / Medieval / Renaissance / Early Modern. Description is form-led and makes no unsupported devotional or mechanical claim.
preindustrial_jewellery_signet_ring_02,Pre-industrial,Antiquity / Medieval / Renaissance / Early Modern,Jewellery & devotional,personal adornment,cross-cultural,ring,a reed lapis lazuli ring,lapis lazuli,Tiny,VeryGood,27,17,Era / Pre-Industrial Era; Functions / Worn Items / Jewellery; Functions / Worn Items / Jewellery / Rings; Market / Jewellery / Standard Jewellery,Holdable; Wear_Ring; Destroyable_Misc,Jewellery and devotional work,Gemcraft,Pre-industrial personal adornment catalogue; culture admission cross-cultural; availability Antiquity / Medieval / Renaissance / Early Modern. Description is form-led and makes no unsupported devotional or mechanical claim.
preindustrial_jewellery_pendant_03,Pre-industrial,Antiquity / Medieval / Renaissance / Early Modern,Jewellery & devotional,personal adornment,cross-cultural,pendant,a rosette turquoise pendant,turquoise,Tiny,Good,34,26,Era / Pre-Industrial Era; Functions / Worn Items / Jewellery; Functions / Worn Items / Jewellery / Pendants; Market / Jewellery / Standard Jewellery,Holdable; Wear_Necklace; Destroyable_Misc,Jewellery and devotional work,Gemcraft,Pre-industrial personal adornment catalogue; culture admission cross-cultural; availability Antiquity / Medieval / Renaissance / Early Modern. Description is form-led and makes no unsupported devotional or mechanical claim.
preindustrial_jewellery_bead_necklace_04,Pre-industrial,Antiquity / Medieval / Renaissance / Early Modern,Jewellery & devotional,personal adornment,cross-cultural,necklace,a checker jade necklace,jade,Tiny,Standard,41,35,Era / Pre-Industrial Era; Functions / Worn Items / Jewellery; Functions / Worn Items / Jewellery / Bead Strings; Market / Jewellery / Standard Jewellery,Holdable; Wear_Necklace; Destroyable_Misc,Jewellery and devotional work,Gemcraft,Pre-industrial personal adornment catalogue; culture admission cross-cultural; availability Antiquity / Medieval / Renaissance / Early Modern. Description is form-led and makes no unsupported devotional or mechanical claim.
preindustrial_jewellery_chain_necklace_05,Pre-industrial,Antiquity / Medieval / Renaissance / Early Modern,Jewellery & devotional,personal adornment,cross-cultural,necklace,a braided quartz necklace,quartz,Tiny,VeryGood,48,44,Era / Pre-Industrial Era; Functions / Worn Items / Jewellery; Functions / Worn Items / Jewellery / Necklaces; Market / Jewellery / Standard Jewellery,Holdable; Wear_Necklace; Destroyable_Misc,Jewellery and devotional work,Gemcraft,Pre-industrial personal adornment catalogue; culture admission cross-cultural; availability Antiquity / Medieval / Renaissance / Early Modern. Description is form-led and makes no unsupported devotional or mechanical claim.
preindustrial_jewellery_bracelet_06,Pre-industrial,Antiquity / Medieval / Renaissance / Early Modern,Jewellery & devotional,personal adornment,cross-cultural,bracelet,a radiating faience bracelet,faience,Tiny,Good,55,53,Era / Pre-Industrial Era; Functions / Worn Items / Jewellery; Functions / Worn Items / Jewellery / Bracelets; Market / Jewellery / Standard Jewellery,Holdable; Wear_Bracelet; Destroyable_Glassware,Jewellery and devotional work,Glassworking,Pre-industrial personal adornment catalogue; culture admission cross-cultural; availability Antiquity / Medieval / Renaissance / Early Modern. Description is form-led and makes no unsupported devotional or mechanical claim.
preindustrial_jewellery_armlet_07,Pre-industrial,Antiquity / Medieval / Renaissance / Early Modern,Jewellery & devotional,personal adornment,cross-cultural,armlet,a leaf-scroll pewter armlet,pewter,Tiny,Standard,62,62,Era / Pre-Industrial Era; Functions / Worn Items / Jewellery; Functions / Worn Items / Jewellery / Armlets; Market / Jewellery / Standard Jewellery,Holdable; Wear_Armlet; Destroyable_HeavyMetal,Jewellery and devotional work,Silversmithing,Pre-industrial personal adornment catalogue; culture admission cross-cultural; availability Antiquity / Medieval / Renaissance / Early Modern. Description is form-led and makes no unsupported devotional or mechanical claim.
preindustrial_jewellery_anklet_08,Pre-industrial,Antiquity / Medieval / Renaissance / Early Modern,Jewellery & devotional,personal adornment,cross-cultural,anklet,a sunburst copper anklet,copper,Tiny,Poor,69,71,Era / Pre-Industrial Era; Functions / Worn Items / Jewellery; Functions / Worn Items / Jewellery / Anklets; Market / Jewellery / Standard Jewellery,Holdable; Wear_Anklet; Destroyable_HeavyMetal,Jewellery and devotional work,Silversmithing,Pre-industrial personal adornment catalogue; culture admission cross-cultural; availability Antiquity / Medieval / Renaissance / Early Modern. Description is form-led and makes no unsupported devotional or mechanical claim.
preindustrial_jewellery_earrings_09,Pre-industrial,Antiquity / Medieval / Renaissance / Early Modern,Jewellery & devotional,personal adornment,cross-cultural,earrings,a water-wave bronze earrings,bronze,Tiny,Standard,76,80,Era / Pre-Industrial Era; Functions / Worn Items / Jewellery; Functions / Worn Items / Jewellery / Earrings; Market / Jewellery / Standard Jewellery,Holdable; Wear_Earrings; Destroyable_HeavyMetal,Jewellery and devotional work,Silversmithing,Pre-industrial personal adornment catalogue; culture admission cross-cultural; availability Antiquity / Medieval / Renaissance / Early Modern. Description is form-led and makes no unsupported devotional or mechanical claim.
preindustrial_jewellery_brooch_10,Pre-industrial,Antiquity / Medieval / Renaissance / Early Modern,Jewellery & devotional,personal adornment,cross-cultural,brooch,a knotted silver brooch,silver,Tiny,Good,83,89,Era / Pre-Industrial Era; Functions / Worn Items / Jewellery; Functions / Worn Items / Jewellery / Brooches; Market / Jewellery / Standard Jewellery,Holdable; Wear_Brooch; Destroyable_HeavyMetal,Jewellery and devotional work,Silversmithing,Pre-industrial personal adornment catalogue; culture admission cross-cultural; availability Antiquity / Medieval / Renaissance / Early Modern. Description is form-led and makes no unsupported devotional or mechanical claim.
preindustrial_jewellery_pin_11,Pre-industrial,Antiquity / Medieval / Renaissance / Early Modern,Jewellery & devotional,personal adornment,cross-cultural,pin,a flower-head gold pin,gold,Tiny,Good,90,98,Era / Pre-Industrial Era; Functions / Worn Items / Jewellery; Functions / Worn Items / Jewellery / Pins; Market / Jewellery / Standard Jewellery,Holdable; Wear_Pin; Destroyable_HeavyMetal,Jewellery and devotional work,Silversmithing,Pre-industrial personal adornment catalogue; culture admission cross-cultural; availability Antiquity / Medieval / Renaissance / Early Modern. Description is form-led and makes no unsupported devotional or mechanical claim.
preindustrial_jewellery_hairpin_12,Pre-industrial,Antiquity / Medieval / Renaissance / Early Modern,Jewellery & devotional,personal adornment,cross-cultural,hairpin,a star brass hairpin,brass,Tiny,Standard,20,107,Era / Pre-Industrial Era; Functions / Worn Items / Jewellery; Functions / Worn Items / Jewellery / Hair Ornaments; Market / Jewellery / Standard Jewellery,Holdable; Wear_Hairpin; Destroyable_HeavyMetal,Jewellery and devotional work,Silversmithing,Pre-industrial personal adornment catalogue; culture admission cross-cultural; availability Antiquity / Medieval / Renaissance / Early Modern. Description is form-led and makes no unsupported devotional or mechanical claim.
preindustrial_jewellery_circlet_13,Pre-industrial,Antiquity / Medieval / Renaissance / Early Modern,Jewellery & devotional,personal adornment,cross-cultural,circlet,a bird glass circlet,glass,Tiny,VeryGood,27,116,Era / Pre-Industrial Era; Functions / Worn Items / Jewellery; Functions / Worn Items / Jewellery / Circlets; Market / Jewellery / Standard Jewellery,Holdable; Wear_Circlet; Destroyable_Glassware,Jewellery and devotional work,Glassworking,Pre-industrial personal adornment catalogue; culture admission cross-cultural; availability Antiquity / Medieval / Renaissance / Early Modern. Description is form-led and makes no unsupported devotional or mechanical claim.
preindustrial_jewellery_diadem_14,Pre-industrial,Antiquity / Medieval / Renaissance / Early Modern,Jewellery & devotional,personal adornment,cross-cultural,diadem,a vine bone diadem,bone,Tiny,Good,34,125,Era / Pre-Industrial Era; Functions / Worn Items / Jewellery; Functions / Worn Items / Jewellery / Diadems; Market / Jewellery / Standard Jewellery,Holdable; Wear_Diadem; Destroyable_Misc,Jewellery and devotional work,Scrimshawing,Pre-industrial personal adornment catalogue; culture admission cross-cultural; availability Antiquity / Medieval / Renaissance / Early Modern. Description is form-led and makes no unsupported devotional or mechanical claim.
preindustrial_jewellery_waist_chain_15,Pre-industrial,Antiquity / Medieval / Renaissance / Early Modern,Jewellery & devotional,personal adornment,cross-cultural,waist chain,a geometric shell waist chain,shell,Tiny,Standard,41,134,Era / Pre-Industrial Era; Functions / Worn Items / Jewellery; Functions / Worn Items / Jewellery / Waist Chains; Market / Jewellery / Standard Jewellery,Holdable; Wear_Waist_Chain; Destroyable_Misc,Jewellery and devotional work,Scrimshawing,Pre-industrial personal adornment catalogue; culture admission cross-cultural; availability Antiquity / Medieval / Renaissance / Early Modern. Description is form-led and makes no unsupported devotional or mechanical claim.
preindustrial_jewellery_belt_ornament_16,Pre-industrial,Antiquity / Medieval / Renaissance / Early Modern,Jewellery & devotional,personal adornment,cross-cultural,belt ornament,a cloud ivory belt ornament,ivory,Tiny,Poor,48,143,Era / Pre-Industrial Era; Functions / Worn Items / Jewellery; Functions / Worn Items / Jewellery / Belt Ornaments; Market / Jewellery / Standard Jewellery,Holdable; Wear_Belt_Ornament; Destroyable_Misc,Jewellery and devotional work,Scrimshawing,Pre-industrial personal adornment catalogue; culture admission cross-cultural; availability Antiquity / Medieval / Renaissance / Early Modern. Description is form-led and makes no unsupported devotional or mechanical claim.
preindustrial_jewellery_badge_17,Pre-industrial,Antiquity / Medieval / Renaissance / Early Modern,Jewellery & devotional,personal adornment,cross-cultural,badge,a shell pearl badge,pearl,Tiny,Standard,55,152,Era / Pre-Industrial Era; Functions / Worn Items / Jewellery; Functions / Worn Items / Jewellery / Badges; Market / Jewellery / Standard Jewellery,Holdable; Wear_Badge; Destroyable_Misc,Jewellery and devotional work,Gemcraft,Pre-industrial personal adornment catalogue; culture admission cross-cultural; availability Antiquity / Medieval / Renaissance / Early Modern. Description is form-led and makes no unsupported devotional or mechanical claim.
preindustrial_jewellery_temple_ring_18,Pre-industrial,Antiquity / Medieval / Renaissance / Early Modern,Jewellery & devotional,personal adornment,cross-cultural,temple ring,a reed amber temple ring,amber,Tiny,Good,62,8,Era / Pre-Industrial Era; Functions / Worn Items / Jewellery; Functions / Worn Items / Jewellery / Temple Rings; Market / Jewellery / Standard Jewellery,Holdable; Wear_Temple_Rings; Destroyable_Misc,Jewellery and devotional work,Gemcraft,Pre-industrial personal adornment catalogue; culture admission cross-cultural; availability Antiquity / Medieval / Renaissance / Early Modern. Description is form-led and makes no unsupported devotional or mechanical claim.
preindustrial_jewellery_torc_19,Pre-industrial,Antiquity / Medieval / Renaissance / Early Modern,Jewellery & devotional,personal adornment,cross-cultural,torc,a rosette coral torc,coral,Tiny,Good,69,17,Era / Pre-Industrial Era; Functions / Worn Items / Jewellery; Functions / Worn Items / Jewellery / Torcs; Market / Jewellery / Standard Jewellery,Holdable; Wear_Torc; Destroyable_Misc,Jewellery and devotional work,Scrimshawing,Pre-industrial personal adornment catalogue; culture admission cross-cultural; availability Antiquity / Medieval / Renaissance / Early Modern. Description is form-led and makes no unsupported devotional or mechanical claim.
preindustrial_jewellery_wreath_20,Pre-industrial,Antiquity / Medieval / Renaissance / Early Modern,Jewellery & devotional,personal adornment,cross-cultural,wreath,a checker garnet wreath,garnet,Tiny,Standard,76,26,Era / Pre-Industrial Era; Functions / Worn Items / Jewellery; Functions / Worn Items / Jewellery / Wreaths; Market / Jewellery / Standard Jewellery,Holdable; Wear_Wreath; Destroyable_Misc,Jewellery and devotional work,Gemcraft,Pre-industrial personal adornment catalogue; culture admission cross-cultural; availability Antiquity / Medieval / Renaissance / Early Modern. Description is form-led and makes no unsupported devotional or mechanical claim.
preindustrial_jewellery_ring_21,Pre-industrial,Antiquity / Medieval / Renaissance / Early Modern,Jewellery & devotional,personal adornment,cross-cultural,ring,a braided agate ring,agate,Tiny,VeryGood,83,35,Era / Pre-Industrial Era; Functions / Worn Items / Jewellery; Functions / Worn Items / Jewellery / Rings; Market / Jewellery / Standard Jewellery,Holdable; Wear_Ring; Destroyable_Misc,Jewellery and devotional work,Gemcraft,Pre-industrial personal adornment catalogue; culture admission cross-cultural; availability Antiquity / Medieval / Renaissance / Early Modern. Description is form-led and makes no unsupported devotional or mechanical claim.
preindustrial_jewellery_signet_ring_22,Pre-industrial,Antiquity / Medieval / Renaissance / Early Modern,Jewellery & devotional,personal adornment,cross-cultural,ring,a radiating carnelian ring,carnelian,Tiny,Good,90,44,Era / Pre-Industrial Era; Functions / Worn Items / Jewellery; Functions / Worn Items / Jewellery / Rings; Market / Jewellery / Standard Jewellery,Holdable; Wear_Ring; Destroyable_Misc,Jewellery and devotional work,Gemcraft,Pre-industrial personal adornment catalogue; culture admission cross-cultural; availability Antiquity / Medieval / Renaissance / Early Modern. Description is form-led and makes no unsupported devotional or mechanical claim.
preindustrial_jewellery_pendant_23,Pre-industrial,Antiquity / Medieval / Renaissance / Early Modern,Jewellery & devotional,personal adornment,cross-cultural,pendant,a leaf-scroll lapis lazuli pendant,lapis lazuli,Tiny,Standard,20,53,Era / Pre-Industrial Era; Functions / Worn Items / Jewellery; Functions / Worn Items / Jewellery / Pendants; Market / Jewellery / Standard Jewellery,Holdable; Wear_Necklace; Destroyable_Misc,Jewellery and devotional work,Gemcraft,Pre-industrial personal adornment catalogue; culture admission cross-cultural; availability Antiquity / Medieval / Renaissance / Early Modern. Description is form-led and makes no unsupported devotional or mechanical claim.
preindustrial_jewellery_bead_necklace_24,Pre-industrial,Antiquity / Medieval / Renaissance / Early Modern,Jewellery & devotional,personal adornment,cross-cultural,necklace,a sunburst turquoise necklace,turquoise,Tiny,Poor,27,62,Era / Pre-Industrial Era; Functions / Worn Items / Jewellery; Functions / Worn Items / Jewellery / Bead Strings; Market / Jewellery / Standard Jewellery,Holdable; Wear_Necklace; Destroyable_Misc,Jewellery and devotional work,Gemcraft,Pre-industrial personal adornment catalogue; culture admission cross-cultural; availability Antiquity / Medieval / Renaissance / Early Modern. Description is form-led and makes no unsupported devotional or mechanical claim.
preindustrial_jewellery_chain_necklace_25,Pre-industrial,Antiquity / Medieval / Renaissance / Early Modern,Jewellery & devotional,personal adornment,cross-cultural,necklace,a water-wave jade necklace,jade,Tiny,Standard,34,71,Era / Pre-Industrial Era; Functions / Worn Items / Jewellery; Functions / Worn Items / Jewellery / Necklaces; Market / Jewellery / Standard Jewellery,Holdable; Wear_Necklace; Destroyable_Misc,Jewellery and devotional work,Gemcraft,Pre-industrial personal adornment catalogue; culture admission cross-cultural; availability Antiquity / Medieval / Renaissance / Early Modern. Description is form-led and makes no unsupported devotional or mechanical claim.
preindustrial_jewellery_bracelet_26,Pre-industrial,Antiquity / Medieval / Renaissance / Early Modern,Jewellery & devotional,personal adornment,cross-cultural,bracelet,a knotted quartz bracelet,quartz,Tiny,Good,41,80,Era / Pre-Industrial Era; Functions / Worn Items / Jewellery; Functions / Worn Items / Jewellery / Bracelets; Market / Jewellery / Standard Jewellery,Holdable; Wear_Bracelet; Destroyable_Misc,Jewellery and devotional work,Gemcraft,Pre-industrial personal adornment catalogue; culture admission cross-cultural; availability Antiquity / Medieval / Renaissance / Early Modern. Description is form-led and makes no unsupported devotional or mechanical claim.
preindustrial_jewellery_armlet_27,Pre-industrial,Antiquity / Medieval / Renaissance / Early Modern,Jewellery & devotional,personal adornment,cross-cultural,armlet,a flower-head faience armlet,faience,Tiny,Good,48,89,Era / Pre-Industrial Era; Functions / Worn Items / Jewellery; Functions / Worn Items / Jewellery / Armlets; Market / Jewellery / Standard Jewellery,Holdable; Wear_Armlet; Destroyable_Glassware,Jewellery and devotional work,Glassworking,Pre-industrial personal adornment catalogue; culture admission cross-cultural; availability Antiquity / Medieval / Renaissance / Early Modern. Description is form-led and makes no unsupported devotional or mechanical claim.
preindustrial_jewellery_anklet_28,Pre-industrial,Antiquity / Medieval / Renaissance / Early Modern,Jewellery & devotional,personal adornment,cross-cultural,anklet,a star pewter anklet,pewter,Tiny,Standard,55,98,Era / Pre-Industrial Era; Functions / Worn Items / Jewellery; Functions / Worn Items / Jewellery / Anklets; Market / Jewellery / Standard Jewellery,Holdable; Wear_Anklet; Destroyable_HeavyMetal,Jewellery and devotional work,Silversmithing,Pre-industrial personal adornment catalogue; culture admission cross-cultural; availability Antiquity / Medieval / Renaissance / Early Modern. Description is form-led and makes no unsupported devotional or mechanical claim.
preindustrial_jewellery_earrings_29,Pre-industrial,Antiquity / Medieval / Renaissance / Early Modern,Jewellery & devotional,personal adornment,cross-cultural,earrings,a bird copper earrings,copper,Tiny,VeryGood,62,107,Era / Pre-Industrial Era; Functions / Worn Items / Jewellery; Functions / Worn Items / Jewellery / Earrings; Market / Jewellery / Standard Jewellery,Holdable; Wear_Earrings; Destroyable_HeavyMetal,Jewellery and devotional work,Silversmithing,Pre-industrial personal adornment catalogue; culture admission cross-cultural; availability Antiquity / Medieval / Renaissance / Early Modern. Description is form-led and makes no unsupported devotional or mechanical claim.
preindustrial_jewellery_brooch_30,Pre-industrial,Antiquity / Medieval / Renaissance / Early Modern,Jewellery & devotional,personal adornment,cross-cultural,brooch,a vine bronze brooch,bronze,Tiny,Good,69,116,Era / Pre-Industrial Era; Functions / Worn Items / Jewellery; Functions / Worn Items / Jewellery / Brooches; Market / Jewellery / Standard Jewellery,Holdable; Wear_Brooch; Destroyable_HeavyMetal,Jewellery and devotional work,Silversmithing,Pre-industrial personal adornment catalogue; culture admission cross-cultural; availability Antiquity / Medieval / Renaissance / Early Modern. Description is form-led and makes no unsupported devotional or mechanical claim.
preindustrial_jewellery_pin_31,Pre-industrial,Antiquity / Medieval / Renaissance / Early Modern,Jewellery & devotional,personal adornment,cross-cultural,pin,a geometric silver pin,silver,Tiny,Standard,76,125,Era / Pre-Industrial Era; Functions / Worn Items / Jewellery; Functions / Worn Items / Jewellery / Pins; Market / Jewellery / Standard Jewellery,Holdable; Wear_Pin; Destroyable_HeavyMetal,Jewellery and devotional work,Silversmithing,Pre-industrial personal adornment catalogue; culture admission cross-cultural; availability Antiquity / Medieval / Renaissance / Early Modern. Description is form-led and makes no unsupported devotional or mechanical claim.
preindustrial_jewellery_hairpin_32,Pre-industrial,Antiquity / Medieval / Renaissance / Early Modern,Jewellery & devotional,personal adornment,cross-cultural,hairpin,a cloud gold hairpin,gold,Tiny,Poor,83,134,Era / Pre-Industrial Era; Functions / Worn Items / Jewellery; Functions / Worn Items / Jewellery / Hair Ornaments; Market / Jewellery / Standard Jewellery,Holdable; Wear_Hairpin; Destroyable_HeavyMetal,Jewellery and devotional work,Silversmithing,Pre-industrial personal adornment catalogue; culture admission cross-cultural; availability Antiquity / Medieval / Renaissance / Early Modern. Description is form-led and makes no unsupported devotional or mechanical claim.
preindustrial_jewellery_circlet_33,Pre-industrial,Antiquity / Medieval / Renaissance / Early Modern,Jewellery & devotional,personal adornment,cross-cultural,circlet,a shell brass circlet,brass,Tiny,Standard,90,143,Era / Pre-Industrial Era; Functions / Worn Items / Jewellery; Functions / Worn Items / Jewellery / Circlets; Market / Jewellery / Standard Jewellery,Holdable; Wear_Circlet; Destroyable_HeavyMetal,Jewellery and devotional work,Silversmithing,Pre-industrial personal adornment catalogue; culture admission cross-cultural; availability Antiquity / Medieval / Renaissance / Early Modern. Description is form-led and makes no unsupported devotional or mechanical claim.
preindustrial_jewellery_diadem_34,Pre-industrial,Antiquity / Medieval / Renaissance / Early Modern,Jewellery & devotional,personal adornment,cross-cultural,diadem,a reed glass diadem,glass,Tiny,Good,20,152,Era / Pre-Industrial Era; Functions / Worn Items / Jewellery; Functions / Worn Items / Jewellery / Diadems; Market / Jewellery / Standard Jewellery,Holdable; Wear_Diadem; Destroyable_Glassware,Jewellery and devotional work,Glassworking,Pre-industrial personal adornment catalogue; culture admission cross-cultural; availability Antiquity / Medieval / Renaissance / Early Modern. Description is form-led and makes no unsupported devotional or mechanical claim.
preindustrial_jewellery_waist_chain_35,Pre-industrial,Antiquity / Medieval / Renaissance / Early Modern,Jewellery & devotional,personal adornment,cross-cultural,waist chain,a rosette bone waist chain,bone,Tiny,Good,27,8,Era / Pre-Industrial Era; Functions / Worn Items / Jewellery; Functions / Worn Items / Jewellery / Waist Chains; Market / Jewellery / Standard Jewellery,Holdable; Wear_Waist_Chain; Destroyable_Misc,Jewellery and devotional work,Scrimshawing,Pre-industrial personal adornment catalogue; culture admission cross-cultural; availability Antiquity / Medieval / Renaissance / Early Modern. Description is form-led and makes no unsupported devotional or mechanical claim.
preindustrial_jewellery_belt_ornament_36,Pre-industrial,Antiquity / Medieval / Renaissance / Early Modern,Jewellery & devotional,personal adornment,cross-cultural,belt ornament,a checker shell belt ornament,shell,Tiny,Standard,34,17,Era / Pre-Industrial Era; Functions / Worn Items / Jewellery; Functions / Worn Items / Jewellery / Belt Ornaments; Market / Jewellery / Standard Jewellery,Holdable; Wear_Belt_Ornament; Destroyable_Misc,Jewellery and devotional work,Scrimshawing,Pre-industrial personal adornment catalogue; culture admission cross-cultural; availability Antiquity / Medieval / Renaissance / Early Modern. Description is form-led and makes no unsupported devotional or mechanical claim.
preindustrial_jewellery_badge_37,Pre-industrial,Antiquity / Medieval / Renaissance / Early Modern,Jewellery & devotional,personal adornment,cross-cultural,badge,a braided ivory badge,ivory,Tiny,VeryGood,41,26,Era / Pre-Industrial Era; Functions / Worn Items / Jewellery; Functions / Worn Items / Jewellery / Badges; Market / Jewellery / Standard Jewellery,Holdable; Wear_Badge; Destroyable_Misc,Jewellery and devotional work,Scrimshawing,Pre-industrial personal adornment catalogue; culture admission cross-cultural; availability Antiquity / Medieval / Renaissance / Early Modern. Description is form-led and makes no unsupported devotional or mechanical claim.
preindustrial_jewellery_temple_ring_38,Pre-industrial,Antiquity / Medieval / Renaissance / Early Modern,Jewellery & devotional,personal adornment,cross-cultural,temple ring,a radiating pearl temple ring,pearl,Tiny,Good,48,35,Era / Pre-Industrial Era; Functions / Worn Items / Jewellery; Functions / Worn Items / Jewellery / Temple Rings; Market / Jewellery / Standard Jewellery,Holdable; Wear_Temple_Rings; Destroyable_Misc,Jewellery and devotional work,Gemcraft,Pre-industrial personal adornment catalogue; culture admission cross-cultural; availability Antiquity / Medieval / Renaissance / Early Modern. Description is form-led and makes no unsupported devotional or mechanical claim.
preindustrial_jewellery_torc_39,Pre-industrial,Antiquity / Medieval / Renaissance / Early Modern,Jewellery & devotional,personal adornment,cross-cultural,torc,a leaf-scroll amber torc,amber,Tiny,Standard,55,44,Era / Pre-Industrial Era; Functions / Worn Items / Jewellery; Functions / Worn Items / Jewellery / Torcs; Market / Jewellery / Standard Jewellery,Holdable; Wear_Torc; Destroyable_Misc,Jewellery and devotional work,Gemcraft,Pre-industrial personal adornment catalogue; culture admission cross-cultural; availability Antiquity / Medieval / Renaissance / Early Modern. Description is form-led and makes no unsupported devotional or mechanical claim.
preindustrial_jewellery_wreath_40,Pre-industrial,Antiquity / Medieval / Renaissance / Early Modern,Jewellery & devotional,personal adornment,cross-cultural,wreath,a sunburst coral wreath,coral,Tiny,Poor,62,53,Era / Pre-Industrial Era; Functions / Worn Items / Jewellery; Functions / Worn Items / Jewellery / Wreaths; Market / Jewellery / Standard Jewellery,Holdable; Wear_Wreath; Destroyable_Misc,Jewellery and devotional work,Scrimshawing,Pre-industrial personal adornment catalogue; culture admission cross-cultural; availability Antiquity / Medieval / Renaissance / Early Modern. Description is form-led and makes no unsupported devotional or mechanical claim.
preindustrial_jewellery_ring_41,Pre-industrial,Antiquity / Medieval / Renaissance / Early Modern,Jewellery & devotional,personal adornment,cross-cultural,ring,a water-wave garnet ring,garnet,Tiny,Standard,69,62,Era / Pre-Industrial Era; Functions / Worn Items / Jewellery; Functions / Worn Items / Jewellery / Rings; Market / Jewellery / Standard Jewellery,Holdable; Wear_Ring; Destroyable_Misc,Jewellery and devotional work,Gemcraft,Pre-industrial personal adornment catalogue; culture admission cross-cultural; availability Antiquity / Medieval / Renaissance / Early Modern. Description is form-led and makes no unsupported devotional or mechanical claim.
preindustrial_jewellery_signet_ring_42,Pre-industrial,Antiquity / Medieval / Renaissance / Early Modern,Jewellery & devotional,personal adornment,cross-cultural,ring,a knotted agate ring,agate,Tiny,Excellent,76,71,Era / Pre-Industrial Era; Functions / Worn Items / Jewellery; Functions / Worn Items / Jewellery / Rings; Market / Jewellery / Standard Jewellery,Holdable; Wear_Ring; Destroyable_Misc,Jewellery and devotional work,Gemcraft,Pre-industrial personal adornment catalogue; culture admission cross-cultural; availability Antiquity / Medieval / Renaissance / Early Modern. Description is form-led and makes no unsupported devotional or mechanical claim.
preindustrial_jewellery_pendant_43,Pre-industrial,Antiquity / Medieval / Renaissance / Early Modern,Jewellery & devotional,personal adornment,cross-cultural,pendant,a flower-head carnelian pendant,carnelian,Tiny,Good,83,80,Era / Pre-Industrial Era; Functions / Worn Items / Jewellery; Functions / Worn Items / Jewellery / Pendants; Market / Jewellery / Standard Jewellery,Holdable; Wear_Necklace; Destroyable_Misc,Jewellery and devotional work,Gemcraft,Pre-industrial personal adornment catalogue; culture admission cross-cultural; availability Antiquity / Medieval / Renaissance / Early Modern. Description is form-led and makes no unsupported devotional or mechanical claim.
preindustrial_jewellery_bead_necklace_44,Pre-industrial,Antiquity / Medieval / Renaissance / Early Modern,Jewellery & devotional,personal adornment,cross-cultural,necklace,a star lapis lazuli necklace,lapis lazuli,Tiny,Standard,90,89,Era / Pre-Industrial Era; Functions / Worn Items / Jewellery; Functions / Worn Items / Jewellery / Bead Strings; Market / Jewellery / Standard Jewellery,Holdable; Wear_Necklace; Destroyable_Misc,Jewellery and devotional work,Gemcraft,Pre-industrial personal adornment catalogue; culture admission cross-cultural; availability Antiquity / Medieval / Renaissance / Early Modern. Description is form-led and makes no unsupported devotional or mechanical claim.
preindustrial_jewellery_chain_necklace_45,Pre-industrial,Antiquity / Medieval / Renaissance / Early Modern,Jewellery & devotional,personal adornment,cross-cultural,necklace,a bird turquoise necklace,turquoise,Tiny,VeryGood,20,98,Era / Pre-Industrial Era; Functions / Worn Items / Jewellery; Functions / Worn Items / Jewellery / Necklaces; Market / Jewellery / Standard Jewellery,Holdable; Wear_Necklace; Destroyable_Misc,Jewellery and devotional work,Gemcraft,Pre-industrial personal adornment catalogue; culture admission cross-cultural; availability Antiquity / Medieval / Renaissance / Early Modern. Description is form-led and makes no unsupported devotional or mechanical claim.
preindustrial_jewellery_bracelet_46,Pre-industrial,Antiquity / Medieval / Renaissance / Early Modern,Jewellery & devotional,personal adornment,cross-cultural,bracelet,a vine jade bracelet,jade,Tiny,Good,27,107,Era / Pre-Industrial Era; Functions / Worn Items / Jewellery; Functions / Worn Items / Jewellery / Bracelets; Market / Jewellery / Standard Jewellery,Holdable; Wear_Bracelet; Destroyable_Misc,Jewellery and devotional work,Gemcraft,Pre-industrial personal adornment catalogue; culture admission cross-cultural; availability Antiquity / Medieval / Renaissance / Early Modern. Description is form-led and makes no unsupported devotional or mechanical claim.
preindustrial_jewellery_armlet_47,Pre-industrial,Antiquity / Medieval / Renaissance / Early Modern,Jewellery & devotional,personal adornment,cross-cultural,armlet,a geometric quartz armlet,quartz,Tiny,Standard,34,116,Era / Pre-Industrial Era; Functions / Worn Items / Jewellery; Functions / Worn Items / Jewellery / Armlets; Market / Jewellery / Standard Jewellery,Holdable; Wear_Armlet; Destroyable_Misc,Jewellery and devotional work,Gemcraft,Pre-industrial personal adornment catalogue; culture admission cross-cultural; availability Antiquity / Medieval / Renaissance / Early Modern. Description is form-led and makes no unsupported devotional or mechanical claim.
preindustrial_jewellery_anklet_48,Pre-industrial,Antiquity / Medieval / Renaissance / Early Modern,Jewellery & devotional,personal adornment,cross-cultural,anklet,a cloud faience anklet,faience,Tiny,Poor,41,125,Era / Pre-Industrial Era; Functions / Worn Items / Jewellery; Functions / Worn Items / Jewellery / Anklets; Market / Jewellery / Standard Jewellery,Holdable; Wear_Anklet; Destroyable_Glassware,Jewellery and devotional work,Glassworking,Pre-industrial personal adornment catalogue; culture admission cross-cultural; availability Antiquity / Medieval / Renaissance / Early Modern. Description is form-led and makes no unsupported devotional or mechanical claim.
preindustrial_jewellery_earrings_49,Pre-industrial,Antiquity / Medieval / Renaissance / Early Modern,Jewellery & devotional,personal adornment,cross-cultural,earrings,a shell pewter earrings,pewter,Tiny,Standard,48,134,Era / Pre-Industrial Era; Functions / Worn Items / Jewellery; Functions / Worn Items / Jewellery / Earrings; Market / Jewellery / Standard Jewellery,Holdable; Wear_Earrings; Destroyable_HeavyMetal,Jewellery and devotional work,Silversmithing,Pre-industrial personal adornment catalogue; culture admission cross-cultural; availability Antiquity / Medieval / Renaissance / Early Modern. Description is form-led and makes no unsupported devotional or mechanical claim.
preindustrial_jewellery_brooch_50,Pre-industrial,Antiquity / Medieval / Renaissance / Early Modern,Jewellery & devotional,personal adornment,cross-cultural,brooch,a reed copper brooch,copper,Tiny,Good,55,143,Era / Pre-Industrial Era; Functions / Worn Items / Jewellery; Functions / Worn Items / Jewellery / Brooches; Market / Jewellery / Standard Jewellery,Holdable; Wear_Brooch; Destroyable_HeavyMetal,Jewellery and devotional work,Silversmithing,Pre-industrial personal adornment catalogue; culture admission cross-cultural; availability Antiquity / Medieval / Renaissance / Early Modern. Description is form-led and makes no unsupported devotional or mechanical claim.
preindustrial_jewellery_pin_51,Pre-industrial,Antiquity / Medieval / Renaissance / Early Modern,Jewellery & devotional,personal adornment,cross-cultural,pin,a rosette bronze pin,bronze,Tiny,Good,62,152,Era / Pre-Industrial Era; Functions / Worn Items / Jewellery; Functions / Worn Items / Jewellery / Pins; Market / Jewellery / Standard Jewellery,Holdable; Wear_Pin; Destroyable_HeavyMetal,Jewellery and devotional work,Silversmithing,Pre-industrial personal adornment catalogue; culture admission cross-cultural; availability Antiquity / Medieval / Renaissance / Early Modern. Description is form-led and makes no unsupported devotional or mechanical claim.
preindustrial_jewellery_hairpin_52,Pre-industrial,Antiquity / Medieval / Renaissance / Early Modern,Jewellery & devotional,personal adornment,cross-cultural,hairpin,a checker silver hairpin,silver,Tiny,Standard,69,8,Era / Pre-Industrial Era; Functions / Worn Items / Jewellery; Functions / Worn Items / Jewellery / Hair Ornaments; Market / Jewellery / Standard Jewellery,Holdable; Wear_Hairpin; Destroyable_HeavyMetal,Jewellery and devotional work,Silversmithing,Pre-industrial personal adornment catalogue; culture admission cross-cultural; availability Antiquity / Medieval / Renaissance / Early Modern. Description is form-led and makes no unsupported devotional or mechanical claim.
preindustrial_jewellery_circlet_53,Pre-industrial,Antiquity / Medieval / Renaissance / Early Modern,Jewellery & devotional,personal adornment,cross-cultural,circlet,a braided gold circlet,gold,Tiny,VeryGood,76,17,Era / Pre-Industrial Era; Functions / Worn Items / Jewellery; Functions / Worn Items / Jewellery / Circlets; Market / Jewellery / Standard Jewellery,Holdable; Wear_Circlet; Destroyable_HeavyMetal,Jewellery and devotional work,Silversmithing,Pre-industrial personal adornment catalogue; culture admission cross-cultural; availability Antiquity / Medieval / Renaissance / Early Modern. Description is form-led and makes no unsupported devotional or mechanical claim.
preindustrial_jewellery_diadem_54,Pre-industrial,Antiquity / Medieval / Renaissance / Early Modern,Jewellery & devotional,personal adornment,cross-cultural,diadem,a radiating brass diadem,brass,Tiny,Good,83,26,Era / Pre-Industrial Era; Functions / Worn Items / Jewellery; Functions / Worn Items / Jewellery / Diadems; Market / Jewellery / Standard Jewellery,Holdable; Wear_Diadem; Destroyable_HeavyMetal,Jewellery and devotional work,Silversmithing,Pre-industrial personal adornment catalogue; culture admission cross-cultural; availability Antiquity / Medieval / Renaissance / Early Modern. Description is form-led and makes no unsupported devotional or mechanical claim.
preindustrial_jewellery_waist_chain_55,Pre-industrial,Antiquity / Medieval / Renaissance / Early Modern,Jewellery & devotional,personal adornment,cross-cultural,waist chain,a leaf-scroll glass waist chain,glass,Tiny,Standard,90,35,Era / Pre-Industrial Era; Functions / Worn Items / Jewellery; Functions / Worn Items / Jewellery / Waist Chains; Market / Jewellery / Standard Jewellery,Holdable; Wear_Waist_Chain; Destroyable_Glassware,Jewellery and devotional work,Glassworking,Pre-industrial personal adornment catalogue; culture admission cross-cultural; availability Antiquity / Medieval / Renaissance / Early Modern. Description is form-led and makes no unsupported devotional or mechanical claim.
preindustrial_jewellery_belt_ornament_56,Pre-industrial,Antiquity / Medieval / Renaissance / Early Modern,Jewellery & devotional,personal adornment,cross-cultural,belt ornament,a sunburst bone belt ornament,bone,Tiny,Poor,20,44,Era / Pre-Industrial Era; Functions / Worn Items / Jewellery; Functions / Worn Items / Jewellery / Belt Ornaments; Market / Jewellery / Standard Jewellery,Holdable; Wear_Belt_Ornament; Destroyable_Misc,Jewellery and devotional work,Scrimshawing,Pre-industrial personal adornment catalogue; culture admission cross-cultural; availability Antiquity / Medieval / Renaissance / Early Modern. Description is form-led and makes no unsupported devotional or mechanical claim.
preindustrial_jewellery_badge_57,Pre-industrial,Antiquity / Medieval / Renaissance / Early Modern,Jewellery & devotional,personal adornment,cross-cultural,badge,a water-wave shell badge,shell,Tiny,Standard,27,53,Era / Pre-Industrial Era; Functions / Worn Items / Jewellery; Functions / Worn Items / Jewellery / Badges; Market / Jewellery / Standard Jewellery,Holdable; Wear_Badge; Destroyable_Misc,Jewellery and devotional work,Scrimshawing,Pre-industrial personal adornment catalogue; culture admission cross-cultural; availability Antiquity / Medieval / Renaissance / Early Modern. Description is form-led and makes no unsupported devotional or mechanical claim.
preindustrial_jewellery_temple_ring_58,Pre-industrial,Antiquity / Medieval / Renaissance / Early Modern,Jewellery & devotional,personal adornment,cross-cultural,temple ring,a knotted ivory temple ring,ivory,Tiny,Good,34,62,Era / Pre-Industrial Era; Functions / Worn Items / Jewellery; Functions / Worn Items / Jewellery / Temple Rings; Market / Jewellery / Standard Jewellery,Holdable; Wear_Temple_Rings; Destroyable_Misc,Jewellery and devotional work,Scrimshawing,Pre-industrial personal adornment catalogue; culture admission cross-cultural; availability Antiquity / Medieval / Renaissance / Early Modern. Description is form-led and makes no unsupported devotional or mechanical claim.
preindustrial_jewellery_torc_59,Pre-industrial,Antiquity / Medieval / Renaissance / Early Modern,Jewellery & devotional,personal adornment,cross-cultural,torc,a flower-head pearl torc,pearl,Tiny,Good,41,71,Era / Pre-Industrial Era; Functions / Worn Items / Jewellery; Functions / Worn Items / Jewellery / Torcs; Market / Jewellery / Standard Jewellery,Holdable; Wear_Torc; Destroyable_Misc,Jewellery and devotional work,Gemcraft,Pre-industrial personal adornment catalogue; culture admission cross-cultural; availability Antiquity / Medieval / Renaissance / Early Modern. Description is form-led and makes no unsupported devotional or mechanical claim.
preindustrial_jewellery_wreath_60,Pre-industrial,Antiquity / Medieval / Renaissance / Early Modern,Jewellery & devotional,personal adornment,cross-cultural,wreath,a star amber wreath,amber,Tiny,Standard,48,80,Era / Pre-Industrial Era; Functions / Worn Items / Jewellery; Functions / Worn Items / Jewellery / Wreaths; Market / Jewellery / Standard Jewellery,Holdable; Wear_Wreath; Destroyable_Misc,Jewellery and devotional work,Gemcraft,Pre-industrial personal adornment catalogue; culture admission cross-cultural; availability Antiquity / Medieval / Renaissance / Early Modern. Description is form-led and makes no unsupported devotional or mechanical claim.
preindustrial_door_panel_door_01,Pre-industrial,Antiquity / Medieval / Renaissance / Early Modern,"Doors, locks & gates",door or gate,cross-cultural,door,a braided wood door leaf,wood,Large,Standard,24000,45,Era / Pre-Industrial Era; Functions / Household Items / Household Construction Materials; Market / Construction Materials / Worked Timber,Holdable; Destroyable_Door; Door_Normal_Large,Carpentry and joinery,Carpentry,"Pre-industrial doors, locks and gates catalogue; culture admission cross-cultural; availability Antiquity / Medieval / Renaissance / Early Modern. Door behaviour is limited to the attached supported component profile."
preindustrial_door_braced_door_02,Pre-industrial,Antiquity / Medieval / Renaissance / Early Modern,"Doors, locks & gates",door or gate,cross-cultural,door,a leaf-scroll oak braced door,oak,Large,Good,25800,56,Era / Pre-Industrial Era; Functions / Household Items / Household Construction Materials; Market / Construction Materials / Worked Timber,Holdable; Destroyable_Door; Door_Tough_Large,Carpentry and joinery,Carpentry,"Pre-industrial doors, locks and gates catalogue; culture admission cross-cultural; availability Antiquity / Medieval / Renaissance / Early Modern. Door behaviour is limited to the attached supported component profile."
preindustrial_door_lockable_door_03,Pre-industrial,Antiquity / Medieval / Renaissance / Early Modern,"Doors, locks & gates",door or gate,cross-cultural,door,a water-wave pine lockable door,pine,Large,Good,27600,67,Era / Pre-Industrial Era; Functions / Household Items / Household Construction Materials; Market / Construction Materials / Worked Timber,Holdable; Destroyable_Door; Door_Lockable_Normal_Large,Carpentry and joinery,Carpentry,"Pre-industrial doors, locks and gates catalogue; culture admission cross-cultural; availability Antiquity / Medieval / Renaissance / Early Modern. Door behaviour is limited to the attached supported component profile."
preindustrial_door_secure_door_04,Pre-industrial,Antiquity / Medieval / Renaissance / Early Modern,"Doors, locks & gates",door or gate,cross-cultural,door,a flower-head cedar secure door,cedar,Large,Standard,29400,78,Era / Pre-Industrial Era; Functions / Household Items / Household Construction Materials; Market / Construction Materials / Worked Timber,Holdable; Destroyable_Door; Door_Lockable_Secure_Large,Carpentry and joinery,Carpentry,"Pre-industrial doors, locks and gates catalogue; culture admission cross-cultural; availability Antiquity / Medieval / Renaissance / Early Modern. Door behaviour is limited to the attached supported component profile."
preindustrial_door_shutter_05,Pre-industrial,Antiquity / Medieval / Renaissance / Early Modern,"Doors, locks & gates",door or gate,cross-cultural,shutter,a bird teak shuttered opening,teak,Large,VeryGood,31200,89,Era / Pre-Industrial Era; Functions / Household Items / Household Construction Materials; Market / Construction Materials / Worked Timber,Holdable; Destroyable_Door; Door_Bad_Large,Carpentry and joinery,Carpentry,"Pre-industrial doors, locks and gates catalogue; culture admission cross-cultural; availability Antiquity / Medieval / Renaissance / Early Modern. Door behaviour is limited to the attached supported component profile."
preindustrial_door_screen_06,Pre-industrial,Antiquity / Medieval / Renaissance / Early Modern,"Doors, locks & gates",door or gate,cross-cultural,screen,a geometric wood screen door,wood,Large,Good,33000,100,Era / Pre-Industrial Era; Functions / Household Items / Household Construction Materials; Market / Construction Materials / Worked Timber,Holdable; Destroyable_Door; Door_Bad_Large,Carpentry and joinery,Carpentry,"Pre-industrial doors, locks and gates catalogue; culture admission cross-cultural; availability Antiquity / Medieval / Renaissance / Early Modern. Door behaviour is limited to the attached supported component profile."
preindustrial_door_lattice_gate_07,Pre-industrial,Antiquity / Medieval / Renaissance / Early Modern,"Doors, locks & gates",door or gate,cross-cultural,gate,a shell oak lattice gate,oak,VeryLarge,Standard,34800,111,Era / Pre-Industrial Era; Functions / Household Items / Household Construction Materials; Market / Construction Materials / Worked Timber,Holdable; Destroyable_Door; Door_Normal_Large,Carpentry and joinery,Carpentry,"Pre-industrial doors, locks and gates catalogue; culture admission cross-cultural; availability Antiquity / Medieval / Renaissance / Early Modern. Door behaviour is limited to the attached supported component profile."
preindustrial_door_courtyard_gate_08,Pre-industrial,Antiquity / Medieval / Renaissance / Early Modern,"Doors, locks & gates",door or gate,cross-cultural,gate,a rosette cedar courtyard gate,cedar,VeryLarge,Poor,36600,122,Era / Pre-Industrial Era; Functions / Household Items / Household Construction Materials; Market / Construction Materials / Worked Timber,Holdable; Destroyable_Door; Door_Lockable_Normal_Large,Carpentry and joinery,Carpentry,"Pre-industrial doors, locks and gates catalogue; culture admission cross-cultural; availability Antiquity / Medieval / Renaissance / Early Modern. Door behaviour is limited to the attached supported component profile."
preindustrial_door_warehouse_gate_09,Pre-industrial,Antiquity / Medieval / Renaissance / Early Modern,"Doors, locks & gates",door or gate,cross-cultural,gate,a braided teak warehouse gate,teak,VeryLarge,Standard,38400,133,Era / Pre-Industrial Era; Functions / Household Items / Household Construction Materials; Market / Construction Materials / Worked Timber,Holdable; Destroyable_Door; Door_Lockable_Tough_Large,Carpentry and joinery,Carpentry,"Pre-industrial doors, locks and gates catalogue; culture admission cross-cultural; availability Antiquity / Medieval / Renaissance / Early Modern. Door behaviour is limited to the attached supported component profile."
preindustrial_door_garden_gate_10,Pre-industrial,Antiquity / Medieval / Renaissance / Early Modern,"Doors, locks & gates",door or gate,cross-cultural,gate,a leaf-scroll wrought iron garden gate,wrought iron,VeryLarge,Good,40200,144,Era / Pre-Industrial Era; Functions / Household Items / Household Construction Materials; Market / Household Goods / Standard Wares,Holdable; Destroyable_Door; Door_Normal_Large,Carpentry and joinery,Carpentry,"Pre-industrial doors, locks and gates catalogue; culture admission cross-cultural; availability Antiquity / Medieval / Renaissance / Early Modern. Door behaviour is limited to the attached supported component profile."
preindustrial_door_grille_11,Pre-industrial,Antiquity / Medieval / Renaissance / Early Modern,"Doors, locks & gates",door or gate,cross-cultural,grille,a water-wave wrought iron metal grille,wrought iron,Large,Good,42000,155,Era / Pre-Industrial Era; Functions / Household Items / Household Construction Materials; Market / Household Goods / Standard Wares,Holdable; Destroyable_Door; Door_Secure_Large,Carpentry and joinery,Carpentry,"Pre-industrial doors, locks and gates catalogue; culture admission cross-cultural; availability Antiquity / Medieval / Renaissance / Early Modern. Door behaviour is limited to the attached supported component profile."
preindustrial_door_barrier_12,Pre-industrial,Antiquity / Medieval / Renaissance / Early Modern,"Doors, locks & gates",door or gate,cross-cultural,barrier,a flower-head bronze barred barrier,bronze,Large,Standard,43800,166,Era / Pre-Industrial Era; Functions / Household Items / Household Construction Materials; Market / Household Goods / Standard Wares,Holdable; Destroyable_Door; Door_Tough_Large,Carpentry and joinery,Carpentry,"Pre-industrial doors, locks and gates catalogue; culture admission cross-cultural; availability Antiquity / Medieval / Renaissance / Early Modern. Door behaviour is limited to the attached supported component profile."
preindustrial_door_hatch_13,Pre-industrial,Antiquity / Medieval / Renaissance / Early Modern,"Doors, locks & gates",door or gate,cross-cultural,hatch,a bird pine service hatch,pine,Large,VeryGood,45600,177,Era / Pre-Industrial Era; Functions / Household Items / Household Construction Materials; Market / Construction Materials / Worked Timber,Holdable; Destroyable_Door; Door_Lockable_Normal_Large,Carpentry and joinery,Carpentry,"Pre-industrial doors, locks and gates catalogue; culture admission cross-cultural; availability Antiquity / Medieval / Renaissance / Early Modern. Door behaviour is limited to the attached supported component profile."
preindustrial_door_wicket_14,Pre-industrial,Antiquity / Medieval / Renaissance / Early Modern,"Doors, locks & gates",door or gate,cross-cultural,wicket,a geometric teak wicket gate,teak,Large,Good,47400,188,Era / Pre-Industrial Era; Functions / Household Items / Household Construction Materials; Market / Construction Materials / Worked Timber,Holdable; Destroyable_Door; Door_Lockable_Normal_Large,Carpentry and joinery,Carpentry,"Pre-industrial doors, locks and gates catalogue; culture admission cross-cultural; availability Antiquity / Medieval / Renaissance / Early Modern. Door behaviour is limited to the attached supported component profile."
preindustrial_door_panel_door_15,Pre-industrial,Antiquity / Medieval / Renaissance / Early Modern,"Doors, locks & gates",door or gate,cross-cultural,door,a shell teak door leaf,teak,Large,Standard,49200,199,Era / Pre-Industrial Era; Functions / Household Items / Household Construction Materials; Market / Construction Materials / Worked Timber,Holdable; Destroyable_Door; Door_Normal_Large,Carpentry and joinery,Carpentry,"Pre-industrial doors, locks and gates catalogue; culture admission cross-cultural; availability Antiquity / Medieval / Renaissance / Early Modern. Door behaviour is limited to the attached supported component profile."
preindustrial_door_braced_door_16,Pre-industrial,Antiquity / Medieval / Renaissance / Early Modern,"Doors, locks & gates",door or gate,cross-cultural,door,a rosette wood braced door,wood,Large,Poor,51000,210,Era / Pre-Industrial Era; Functions / Household Items / Household Construction Materials; Market / Construction Materials / Worked Timber,Holdable; Destroyable_Door; Door_Tough_Large,Carpentry and joinery,Carpentry,"Pre-industrial doors, locks and gates catalogue; culture admission cross-cultural; availability Antiquity / Medieval / Renaissance / Early Modern. Door behaviour is limited to the attached supported component profile."
preindustrial_door_lockable_door_17,Pre-industrial,Antiquity / Medieval / Renaissance / Early Modern,"Doors, locks & gates",door or gate,cross-cultural,door,a braided oak lockable door,oak,Large,Standard,52800,221,Era / Pre-Industrial Era; Functions / Household Items / Household Construction Materials; Market / Construction Materials / Worked Timber,Holdable; Destroyable_Door; Door_Lockable_Normal_Large,Carpentry and joinery,Carpentry,"Pre-industrial doors, locks and gates catalogue; culture admission cross-cultural; availability Antiquity / Medieval / Renaissance / Early Modern. Door behaviour is limited to the attached supported component profile."
preindustrial_door_secure_door_18,Pre-industrial,Antiquity / Medieval / Renaissance / Early Modern,"Doors, locks & gates",door or gate,cross-cultural,door,a leaf-scroll pine secure door,pine,Large,Good,54600,232,Era / Pre-Industrial Era; Functions / Household Items / Household Construction Materials; Market / Construction Materials / Worked Timber,Holdable; Destroyable_Door; Door_Lockable_Secure_Large,Carpentry and joinery,Carpentry,"Pre-industrial doors, locks and gates catalogue; culture admission cross-cultural; availability Antiquity / Medieval / Renaissance / Early Modern. Door behaviour is limited to the attached supported component profile."
preindustrial_door_shutter_19,Pre-industrial,Antiquity / Medieval / Renaissance / Early Modern,"Doors, locks & gates",door or gate,cross-cultural,shutter,a water-wave cedar shuttered opening,cedar,Large,Good,56400,243,Era / Pre-Industrial Era; Functions / Household Items / Household Construction Materials; Market / Construction Materials / Worked Timber,Holdable; Destroyable_Door; Door_Bad_Large,Carpentry and joinery,Carpentry,"Pre-industrial doors, locks and gates catalogue; culture admission cross-cultural; availability Antiquity / Medieval / Renaissance / Early Modern. Door behaviour is limited to the attached supported component profile."
preindustrial_door_screen_20,Pre-industrial,Antiquity / Medieval / Renaissance / Early Modern,"Doors, locks & gates",door or gate,cross-cultural,screen,a flower-head teak screen door,teak,Large,Standard,24000,254,Era / Pre-Industrial Era; Functions / Household Items / Household Construction Materials; Market / Construction Materials / Worked Timber,Holdable; Destroyable_Door; Door_Bad_Large,Carpentry and joinery,Carpentry,"Pre-industrial doors, locks and gates catalogue; culture admission cross-cultural; availability Antiquity / Medieval / Renaissance / Early Modern. Door behaviour is limited to the attached supported component profile."
preindustrial_door_lattice_gate_21,Pre-industrial,Antiquity / Medieval / Renaissance / Early Modern,"Doors, locks & gates",door or gate,cross-cultural,gate,a bird bronze lattice gate,bronze,VeryLarge,VeryGood,25800,265,Era / Pre-Industrial Era; Functions / Household Items / Household Construction Materials; Market / Household Goods / Standard Wares,Holdable; Destroyable_Door; Door_Normal_Large,Carpentry and joinery,Carpentry,"Pre-industrial doors, locks and gates catalogue; culture admission cross-cultural; availability Antiquity / Medieval / Renaissance / Early Modern. Door behaviour is limited to the attached supported component profile."
preindustrial_door_courtyard_gate_22,Pre-industrial,Antiquity / Medieval / Renaissance / Early Modern,"Doors, locks & gates",door or gate,cross-cultural,gate,a geometric oak courtyard gate,oak,VeryLarge,Good,27600,276,Era / Pre-Industrial Era; Functions / Household Items / Household Construction Materials; Market / Construction Materials / Worked Timber,Holdable; Destroyable_Door; Door_Lockable_Normal_Large,Carpentry and joinery,Carpentry,"Pre-industrial doors, locks and gates catalogue; culture admission cross-cultural; availability Antiquity / Medieval / Renaissance / Early Modern. Door behaviour is limited to the attached supported component profile."
preindustrial_door_warehouse_gate_23,Pre-industrial,Antiquity / Medieval / Renaissance / Early Modern,"Doors, locks & gates",door or gate,cross-cultural,gate,a shell cedar warehouse gate,cedar,VeryLarge,Standard,29400,287,Era / Pre-Industrial Era; Functions / Household Items / Household Construction Materials; Market / Construction Materials / Worked Timber,Holdable; Destroyable_Door; Door_Lockable_Tough_Large,Carpentry and joinery,Carpentry,"Pre-industrial doors, locks and gates catalogue; culture admission cross-cultural; availability Antiquity / Medieval / Renaissance / Early Modern. Door behaviour is limited to the attached supported component profile."
preindustrial_door_garden_gate_24,Pre-industrial,Antiquity / Medieval / Renaissance / Early Modern,"Doors, locks & gates",door or gate,cross-cultural,gate,a rosette teak garden gate,teak,VeryLarge,Poor,31200,45,Era / Pre-Industrial Era; Functions / Household Items / Household Construction Materials; Market / Construction Materials / Worked Timber,Holdable; Destroyable_Door; Door_Normal_Large,Carpentry and joinery,Carpentry,"Pre-industrial doors, locks and gates catalogue; culture admission cross-cultural; availability Antiquity / Medieval / Renaissance / Early Modern. Door behaviour is limited to the attached supported component profile."
preindustrial_door_grille_25,Pre-industrial,Antiquity / Medieval / Renaissance / Early Modern,"Doors, locks & gates",door or gate,cross-cultural,grille,a braided brass metal grille,brass,Large,Standard,33000,56,Era / Pre-Industrial Era; Functions / Household Items / Household Construction Materials; Market / Household Goods / Standard Wares,Holdable; Destroyable_Door; Door_Secure_Large,Carpentry and joinery,Carpentry,"Pre-industrial doors, locks and gates catalogue; culture admission cross-cultural; availability Antiquity / Medieval / Renaissance / Early Modern. Door behaviour is limited to the attached supported component profile."
preindustrial_door_barrier_26,Pre-industrial,Antiquity / Medieval / Renaissance / Early Modern,"Doors, locks & gates",door or gate,cross-cultural,barrier,a leaf-scroll wrought iron barred barrier,wrought iron,Large,Good,34800,67,Era / Pre-Industrial Era; Functions / Household Items / Household Construction Materials; Market / Household Goods / Standard Wares,Holdable; Destroyable_Door; Door_Tough_Large,Carpentry and joinery,Carpentry,"Pre-industrial doors, locks and gates catalogue; culture admission cross-cultural; availability Antiquity / Medieval / Renaissance / Early Modern. Door behaviour is limited to the attached supported component profile."
preindustrial_door_hatch_27,Pre-industrial,Antiquity / Medieval / Renaissance / Early Modern,"Doors, locks & gates",door or gate,cross-cultural,hatch,a water-wave oak service hatch,oak,Large,Good,36600,78,Era / Pre-Industrial Era; Functions / Household Items / Household Construction Materials; Market / Construction Materials / Worked Timber,Holdable; Destroyable_Door; Door_Lockable_Normal_Large,Carpentry and joinery,Carpentry,"Pre-industrial doors, locks and gates catalogue; culture admission cross-cultural; availability Antiquity / Medieval / Renaissance / Early Modern. Door behaviour is limited to the attached supported component profile."
preindustrial_door_wicket_28,Pre-industrial,Antiquity / Medieval / Renaissance / Early Modern,"Doors, locks & gates",door or gate,cross-cultural,wicket,a flower-head cedar wicket gate,cedar,Large,Standard,38400,89,Era / Pre-Industrial Era; Functions / Household Items / Household Construction Materials; Market / Construction Materials / Worked Timber,Holdable; Destroyable_Door; Door_Lockable_Normal_Large,Carpentry and joinery,Carpentry,"Pre-industrial doors, locks and gates catalogue; culture admission cross-cultural; availability Antiquity / Medieval / Renaissance / Early Modern. Door behaviour is limited to the attached supported component profile."
preindustrial_door_panel_door_29,Pre-industrial,Antiquity / Medieval / Renaissance / Early Modern,"Doors, locks & gates",door or gate,cross-cultural,door,a bird cedar door leaf,cedar,Large,VeryGood,40200,100,Era / Pre-Industrial Era; Functions / Household Items / Household Construction Materials; Market / Construction Materials / Worked Timber,Holdable; Destroyable_Door; Door_Normal_Large,Carpentry and joinery,Carpentry,"Pre-industrial doors, locks and gates catalogue; culture admission cross-cultural; availability Antiquity / Medieval / Renaissance / Early Modern. Door behaviour is limited to the attached supported component profile."
preindustrial_door_braced_door_30,Pre-industrial,Antiquity / Medieval / Renaissance / Early Modern,"Doors, locks & gates",door or gate,cross-cultural,door,a geometric teak braced door,teak,Large,Good,42000,111,Era / Pre-Industrial Era; Functions / Household Items / Household Construction Materials; Market / Construction Materials / Worked Timber,Holdable; Destroyable_Door; Door_Tough_Large,Carpentry and joinery,Carpentry,"Pre-industrial doors, locks and gates catalogue; culture admission cross-cultural; availability Antiquity / Medieval / Renaissance / Early Modern. Door behaviour is limited to the attached supported component profile."
preindustrial_door_lockable_door_31,Pre-industrial,Antiquity / Medieval / Renaissance / Early Modern,"Doors, locks & gates",door or gate,cross-cultural,door,a shell wood lockable door,wood,Large,Standard,43800,122,Era / Pre-Industrial Era; Functions / Household Items / Household Construction Materials; Market / Construction Materials / Worked Timber,Holdable; Destroyable_Door; Door_Lockable_Normal_Large,Carpentry and joinery,Carpentry,"Pre-industrial doors, locks and gates catalogue; culture admission cross-cultural; availability Antiquity / Medieval / Renaissance / Early Modern. Door behaviour is limited to the attached supported component profile."
preindustrial_door_secure_door_32,Pre-industrial,Antiquity / Medieval / Renaissance / Early Modern,"Doors, locks & gates",door or gate,cross-cultural,door,a rosette oak secure door,oak,Large,Poor,45600,133,Era / Pre-Industrial Era; Functions / Household Items / Household Construction Materials; Market / Construction Materials / Worked Timber,Holdable; Destroyable_Door; Door_Lockable_Secure_Large,Carpentry and joinery,Carpentry,"Pre-industrial doors, locks and gates catalogue; culture admission cross-cultural; availability Antiquity / Medieval / Renaissance / Early Modern. Door behaviour is limited to the attached supported component profile."
preindustrial_door_shutter_33,Pre-industrial,Antiquity / Medieval / Renaissance / Early Modern,"Doors, locks & gates",door or gate,cross-cultural,shutter,a braided pine shuttered opening,pine,Large,Standard,47400,144,Era / Pre-Industrial Era; Functions / Household Items / Household Construction Materials; Market / Construction Materials / Worked Timber,Holdable; Destroyable_Door; Door_Bad_Large,Carpentry and joinery,Carpentry,"Pre-industrial doors, locks and gates catalogue; culture admission cross-cultural; availability Antiquity / Medieval / Renaissance / Early Modern. Door behaviour is limited to the attached supported component profile."
preindustrial_door_screen_34,Pre-industrial,Antiquity / Medieval / Renaissance / Early Modern,"Doors, locks & gates",door or gate,cross-cultural,screen,a leaf-scroll wood screen door,wood,Large,Good,49200,155,Era / Pre-Industrial Era; Functions / Household Items / Household Construction Materials; Market / Construction Materials / Worked Timber,Holdable; Destroyable_Door; Door_Bad_Large,Carpentry and joinery,Carpentry,"Pre-industrial doors, locks and gates catalogue; culture admission cross-cultural; availability Antiquity / Medieval / Renaissance / Early Modern. Door behaviour is limited to the attached supported component profile."
preindustrial_door_lattice_gate_35,Pre-industrial,Antiquity / Medieval / Renaissance / Early Modern,"Doors, locks & gates",door or gate,cross-cultural,gate,a water-wave wrought iron lattice gate,wrought iron,VeryLarge,Good,51000,166,Era / Pre-Industrial Era; Functions / Household Items / Household Construction Materials; Market / Household Goods / Standard Wares,Holdable; Destroyable_Door; Door_Normal_Large,Carpentry and joinery,Carpentry,"Pre-industrial doors, locks and gates catalogue; culture admission cross-cultural; availability Antiquity / Medieval / Renaissance / Early Modern. Door behaviour is limited to the attached supported component profile."
preindustrial_door_courtyard_gate_36,Pre-industrial,Antiquity / Medieval / Renaissance / Early Modern,"Doors, locks & gates",door or gate,cross-cultural,gate,a flower-head bronze courtyard gate,bronze,VeryLarge,Standard,52800,177,Era / Pre-Industrial Era; Functions / Household Items / Household Construction Materials; Market / Household Goods / Standard Wares,Holdable; Destroyable_Door; Door_Lockable_Normal_Large,Carpentry and joinery,Carpentry,"Pre-industrial doors, locks and gates catalogue; culture admission cross-cultural; availability Antiquity / Medieval / Renaissance / Early Modern. Door behaviour is limited to the attached supported component profile."
preindustrial_door_warehouse_gate_37,Pre-industrial,Antiquity / Medieval / Renaissance / Early Modern,"Doors, locks & gates",door or gate,cross-cultural,gate,a bird oak warehouse gate,oak,VeryLarge,VeryGood,54600,188,Era / Pre-Industrial Era; Functions / Household Items / Household Construction Materials; Market / Construction Materials / Worked Timber,Holdable; Destroyable_Door; Door_Lockable_Tough_Large,Carpentry and joinery,Carpentry,"Pre-industrial doors, locks and gates catalogue; culture admission cross-cultural; availability Antiquity / Medieval / Renaissance / Early Modern. Door behaviour is limited to the attached supported component profile."
preindustrial_door_garden_gate_38,Pre-industrial,Antiquity / Medieval / Renaissance / Early Modern,"Doors, locks & gates",door or gate,cross-cultural,gate,a geometric cedar garden gate,cedar,VeryLarge,Good,56400,199,Era / Pre-Industrial Era; Functions / Household Items / Household Construction Materials; Market / Construction Materials / Worked Timber,Holdable; Destroyable_Door; Door_Normal_Large,Carpentry and joinery,Carpentry,"Pre-industrial doors, locks and gates catalogue; culture admission cross-cultural; availability Antiquity / Medieval / Renaissance / Early Modern. Door behaviour is limited to the attached supported component profile."
preindustrial_door_grille_39,Pre-industrial,Antiquity / Medieval / Renaissance / Early Modern,"Doors, locks & gates",door or gate,cross-cultural,grille,a shell bronze metal grille,bronze,Large,Standard,24000,210,Era / Pre-Industrial Era; Functions / Household Items / Household Construction Materials; Market / Household Goods / Standard Wares,Holdable; Destroyable_Door; Door_Secure_Large,Carpentry and joinery,Carpentry,"Pre-industrial doors, locks and gates catalogue; culture admission cross-cultural; availability Antiquity / Medieval / Renaissance / Early Modern. Door behaviour is limited to the attached supported component profile."
preindustrial_door_barrier_40,Pre-industrial,Antiquity / Medieval / Renaissance / Early Modern,"Doors, locks & gates",door or gate,cross-cultural,barrier,a rosette brass barred barrier,brass,Large,Poor,25800,221,Era / Pre-Industrial Era; Functions / Household Items / Household Construction Materials; Market / Household Goods / Standard Wares,Holdable; Destroyable_Door; Door_Tough_Large,Carpentry and joinery,Carpentry,"Pre-industrial doors, locks and gates catalogue; culture admission cross-cultural; availability Antiquity / Medieval / Renaissance / Early Modern. Door behaviour is limited to the attached supported component profile."
preindustrial_door_hatch_41,Pre-industrial,Antiquity / Medieval / Renaissance / Early Modern,"Doors, locks & gates",door or gate,cross-cultural,hatch,a braided wood service hatch,wood,Large,Standard,27600,232,Era / Pre-Industrial Era; Functions / Household Items / Household Construction Materials; Market / Construction Materials / Worked Timber,Holdable; Destroyable_Door; Door_Lockable_Normal_Large,Carpentry and joinery,Carpentry,"Pre-industrial doors, locks and gates catalogue; culture admission cross-cultural; availability Antiquity / Medieval / Renaissance / Early Modern. Door behaviour is limited to the attached supported component profile."
preindustrial_door_wicket_42,Pre-industrial,Antiquity / Medieval / Renaissance / Early Modern,"Doors, locks & gates",door or gate,cross-cultural,wicket,a leaf-scroll oak wicket gate,oak,Large,Good,29400,243,Era / Pre-Industrial Era; Functions / Household Items / Household Construction Materials; Market / Construction Materials / Worked Timber,Holdable; Destroyable_Door; Door_Lockable_Normal_Large,Carpentry and joinery,Carpentry,"Pre-industrial doors, locks and gates catalogue; culture admission cross-cultural; availability Antiquity / Medieval / Renaissance / Early Modern. Door behaviour is limited to the attached supported component profile."
preindustrial_door_panel_door_43,Pre-industrial,Antiquity / Medieval / Renaissance / Early Modern,"Doors, locks & gates",door or gate,cross-cultural,door,a water-wave pine door leaf,pine,Large,Good,31200,254,Era / Pre-Industrial Era; Functions / Household Items / Household Construction Materials; Market / Construction Materials / Worked Timber,Holdable; Destroyable_Door; Door_Normal_Large,Carpentry and joinery,Carpentry,"Pre-industrial doors, locks and gates catalogue; culture admission cross-cultural; availability Antiquity / Medieval / Renaissance / Early Modern. Door behaviour is limited to the attached supported component profile."
preindustrial_door_braced_door_44,Pre-industrial,Antiquity / Medieval / Renaissance / Early Modern,"Doors, locks & gates",door or gate,cross-cultural,door,a flower-head cedar braced door,cedar,Large,Standard,33000,265,Era / Pre-Industrial Era; Functions / Household Items / Household Construction Materials; Market / Construction Materials / Worked Timber,Holdable; Destroyable_Door; Door_Tough_Large,Carpentry and joinery,Carpentry,"Pre-industrial doors, locks and gates catalogue; culture admission cross-cultural; availability Antiquity / Medieval / Renaissance / Early Modern. Door behaviour is limited to the attached supported component profile."
preindustrial_door_lockable_door_45,Pre-industrial,Antiquity / Medieval / Renaissance / Early Modern,"Doors, locks & gates",door or gate,cross-cultural,door,a bird teak lockable door,teak,Large,VeryGood,34800,276,Era / Pre-Industrial Era; Functions / Household Items / Household Construction Materials; Market / Construction Materials / Worked Timber,Holdable; Destroyable_Door; Door_Lockable_Normal_Large,Carpentry and joinery,Carpentry,"Pre-industrial doors, locks and gates catalogue; culture admission cross-cultural; availability Antiquity / Medieval / Renaissance / Early Modern. Door behaviour is limited to the attached supported component profile."
preindustrial_door_secure_door_46,Pre-industrial,Antiquity / Medieval / Renaissance / Early Modern,"Doors, locks & gates",door or gate,cross-cultural,door,a geometric wood secure door,wood,Large,Good,36600,287,Era / Pre-Industrial Era; Functions / Household Items / Household Construction Materials; Market / Construction Materials / Worked Timber,Holdable; Destroyable_Door; Door_Lockable_Secure_Large,Carpentry and joinery,Carpentry,"Pre-industrial doors, locks and gates catalogue; culture admission cross-cultural; availability Antiquity / Medieval / Renaissance / Early Modern. Door behaviour is limited to the attached supported component profile."
preindustrial_door_shutter_47,Pre-industrial,Antiquity / Medieval / Renaissance / Early Modern,"Doors, locks & gates",door or gate,cross-cultural,shutter,a shell oak shuttered opening,oak,Large,Standard,38400,45,Era / Pre-Industrial Era; Functions / Household Items / Household Construction Materials; Market / Construction Materials / Worked Timber,Holdable; Destroyable_Door; Door_Bad_Large,Carpentry and joinery,Carpentry,"Pre-industrial doors, locks and gates catalogue; culture admission cross-cultural; availability Antiquity / Medieval / Renaissance / Early Modern. Door behaviour is limited to the attached supported component profile."
preindustrial_door_screen_48,Pre-industrial,Antiquity / Medieval / Renaissance / Early Modern,"Doors, locks & gates",door or gate,cross-cultural,screen,a rosette teak screen door,teak,Large,Poor,40200,56,Era / Pre-Industrial Era; Functions / Household Items / Household Construction Materials; Market / Construction Materials / Worked Timber,Holdable; Destroyable_Door; Door_Bad_Large,Carpentry and joinery,Carpentry,"Pre-industrial doors, locks and gates catalogue; culture admission cross-cultural; availability Antiquity / Medieval / Renaissance / Early Modern. Door behaviour is limited to the attached supported component profile."
preindustrial_door_lattice_gate_49,Pre-industrial,Antiquity / Medieval / Renaissance / Early Modern,"Doors, locks & gates",door or gate,cross-cultural,gate,a braided teak lattice gate,teak,VeryLarge,Standard,42000,67,Era / Pre-Industrial Era; Functions / Household Items / Household Construction Materials; Market / Construction Materials / Worked Timber,Holdable; Destroyable_Door; Door_Normal_Large,Carpentry and joinery,Carpentry,"Pre-industrial doors, locks and gates catalogue; culture admission cross-cultural; availability Antiquity / Medieval / Renaissance / Early Modern. Door behaviour is limited to the attached supported component profile."
preindustrial_door_courtyard_gate_50,Pre-industrial,Antiquity / Medieval / Renaissance / Early Modern,"Doors, locks & gates",door or gate,cross-cultural,gate,a leaf-scroll wrought iron courtyard gate,wrought iron,VeryLarge,Good,43800,78,Era / Pre-Industrial Era; Functions / Household Items / Household Construction Materials; Market / Household Goods / Standard Wares,Holdable; Destroyable_Door; Door_Lockable_Normal_Large,Carpentry and joinery,Carpentry,"Pre-industrial doors, locks and gates catalogue; culture admission cross-cultural; availability Antiquity / Medieval / Renaissance / Early Modern. Door behaviour is limited to the attached supported component profile."
preindustrial_door_warehouse_gate_51,Pre-industrial,Antiquity / Medieval / Renaissance / Early Modern,"Doors, locks & gates",door or gate,cross-cultural,gate,a water-wave bronze warehouse gate,bronze,VeryLarge,Good,45600,89,Era / Pre-Industrial Era; Functions / Household Items / Household Construction Materials; Market / Household Goods / Standard Wares,Holdable; Destroyable_Door; Door_Lockable_Tough_Large,Carpentry and joinery,Carpentry,"Pre-industrial doors, locks and gates catalogue; culture admission cross-cultural; availability Antiquity / Medieval / Renaissance / Early Modern. Door behaviour is limited to the attached supported component profile."
preindustrial_door_garden_gate_52,Pre-industrial,Antiquity / Medieval / Renaissance / Early Modern,"Doors, locks & gates",door or gate,cross-cultural,gate,a flower-head oak garden gate,oak,VeryLarge,Standard,47400,100,Era / Pre-Industrial Era; Functions / Household Items / Household Construction Materials; Market / Construction Materials / Worked Timber,Holdable; Destroyable_Door; Door_Normal_Large,Carpentry and joinery,Carpentry,"Pre-industrial doors, locks and gates catalogue; culture admission cross-cultural; availability Antiquity / Medieval / Renaissance / Early Modern. Door behaviour is limited to the attached supported component profile."
preindustrial_door_grille_53,Pre-industrial,Antiquity / Medieval / Renaissance / Early Modern,"Doors, locks & gates",door or gate,cross-cultural,grille,a bird wrought iron metal grille,wrought iron,Large,VeryGood,49200,111,Era / Pre-Industrial Era; Functions / Household Items / Household Construction Materials; Market / Household Goods / Standard Wares,Holdable; Destroyable_Door; Door_Secure_Large,Carpentry and joinery,Carpentry,"Pre-industrial doors, locks and gates catalogue; culture admission cross-cultural; availability Antiquity / Medieval / Renaissance / Early Modern. Door behaviour is limited to the attached supported component profile."
preindustrial_door_barrier_54,Pre-industrial,Antiquity / Medieval / Renaissance / Early Modern,"Doors, locks & gates",door or gate,cross-cultural,barrier,a geometric bronze barred barrier,bronze,Large,Good,51000,122,Era / Pre-Industrial Era; Functions / Household Items / Household Construction Materials; Market / Household Goods / Standard Wares,Holdable; Destroyable_Door; Door_Tough_Large,Carpentry and joinery,Carpentry,"Pre-industrial doors, locks and gates catalogue; culture admission cross-cultural; availability Antiquity / Medieval / Renaissance / Early Modern. Door behaviour is limited to the attached supported component profile."
preindustrial_door_hasp_55,Pre-industrial,Antiquity / Medieval / Renaissance / Early Modern,"Doors, locks & gates",lock and hardware,cross-cultural,hasp,a water-wave pewter iron hasp,pewter,Small,Standard,415,135,Era / Pre-Industrial Era; Functions / Household Items / Household Wares; Market / Household Goods / Standard Wares,Holdable; Destroyable_HeavyMetal; Latch_Container_Hasp,Locksmithing,Blacksmithing,"Pre-industrial doors, locks and gates hardware catalogue; culture admission cross-cultural; availability Antiquity / Medieval / Renaissance / Early Modern. It does not imply a custom matched-key or hidden-lock system."
preindustrial_door_hook_latch_56,Pre-industrial,Antiquity / Medieval / Renaissance / Early Modern,"Doors, locks & gates",lock and hardware,cross-cultural,hook latch,a knotted wrought iron hook latch,wrought iron,Small,Poor,500,143,Era / Pre-Industrial Era; Functions / Household Items / Household Wares; Market / Household Goods / Standard Wares,Holdable; Destroyable_HeavyMetal; Latch_Container_Hook,Locksmithing,Blacksmithing,"Pre-industrial doors, locks and gates hardware catalogue; culture admission cross-cultural; availability Antiquity / Medieval / Renaissance / Early Modern. It does not imply a custom matched-key or hidden-lock system."
preindustrial_door_strike_plate_57,Pre-industrial,Antiquity / Medieval / Renaissance / Early Modern,"Doors, locks & gates",lock and hardware,cross-cultural,strike plate,a flower-head bronze strike plate,bronze,Small,Standard,585,151,Era / Pre-Industrial Era; Functions / Household Items / Household Wares; Market / Household Goods / Standard Wares,Holdable; Destroyable_HeavyMetal; Latch_Normal,Locksmithing,Blacksmithing,"Pre-industrial doors, locks and gates hardware catalogue; culture admission cross-cultural; availability Antiquity / Medieval / Renaissance / Early Modern. It does not imply a custom matched-key or hidden-lock system."
preindustrial_door_hinge_pair_58,Pre-industrial,Antiquity / Medieval / Renaissance / Early Modern,"Doors, locks & gates",lock and hardware,cross-cultural,hinges,a star brass hinge pair,brass,Small,Good,670,7,Era / Pre-Industrial Era; Functions / Household Items / Household Wares; Market / Household Goods / Standard Wares,Holdable; Destroyable_HeavyMetal; Latch_Normal,Locksmithing,Blacksmithing,"Pre-industrial doors, locks and gates hardware catalogue; culture admission cross-cultural; availability Antiquity / Medieval / Renaissance / Early Modern. It does not imply a custom matched-key or hidden-lock system."
preindustrial_door_keyring_59,Pre-industrial,Antiquity / Medieval / Renaissance / Early Modern,"Doors, locks & gates",lock and hardware,cross-cultural,keyring,a bird copper keyring,copper,Small,Good,755,15,Era / Pre-Industrial Era; Functions / Household Items / Household Wares; Market / Household Goods / Standard Wares,Holdable; Destroyable_HeavyMetal; Warded_Key,Locksmithing,Blacksmithing,"Pre-industrial doors, locks and gates hardware catalogue; culture admission cross-cultural; availability Antiquity / Medieval / Renaissance / Early Modern. It does not imply a custom matched-key or hidden-lock system."
preindustrial_door_escutcheon_60,Pre-industrial,Antiquity / Medieval / Renaissance / Early Modern,"Doors, locks & gates",lock and hardware,cross-cultural,escutcheon,a vine pewter keyhole escutcheon,pewter,Small,Standard,840,23,Era / Pre-Industrial Era; Functions / Household Items / Household Wares; Market / Household Goods / Standard Wares,Holdable; Destroyable_HeavyMetal; Latch_Normal,Locksmithing,Blacksmithing,"Pre-industrial doors, locks and gates hardware catalogue; culture admission cross-cultural; availability Antiquity / Medieval / Renaissance / Early Modern. It does not imply a custom matched-key or hidden-lock system."
preindustrial_door_warded_lock_61,Pre-industrial,Antiquity / Medieval / Renaissance / Early Modern,"Doors, locks & gates",lock and hardware,cross-cultural,lock,a geometric wrought iron warded lock,wrought iron,Small,VeryGood,925,31,Era / Pre-Industrial Era; Functions / Household Items / Household Wares; Market / Household Goods / Standard Wares,Holdable; Destroyable_HeavyMetal; Warded_Lock_Normal,Locksmithing,Blacksmithing,"Pre-industrial doors, locks and gates hardware catalogue; culture admission cross-cultural; availability Antiquity / Medieval / Renaissance / Early Modern. It does not imply a custom matched-key or hidden-lock system."
preindustrial_door_good_warded_lock_62,Pre-industrial,Antiquity / Medieval / Renaissance / Early Modern,"Doors, locks & gates",lock and hardware,cross-cultural,lock,a cloud bronze fine warded lock,bronze,Small,Good,1010,39,Era / Pre-Industrial Era; Functions / Household Items / Household Wares; Market / Household Goods / Standard Wares,Holdable; Destroyable_HeavyMetal; Warded_Lock_Good,Locksmithing,Blacksmithing,"Pre-industrial doors, locks and gates hardware catalogue; culture admission cross-cultural; availability Antiquity / Medieval / Renaissance / Early Modern. It does not imply a custom matched-key or hidden-lock system."
preindustrial_door_master_warded_lock_63,Pre-industrial,Antiquity / Medieval / Renaissance / Early Modern,"Doors, locks & gates",lock and hardware,cross-cultural,lock,a shell brass master warded lock,brass,Small,Standard,1095,47,Era / Pre-Industrial Era; Functions / Household Items / Household Wares; Market / Household Goods / Standard Wares,Holdable; Destroyable_HeavyMetal; Warded_Lock_Master,Locksmithing,Blacksmithing,"Pre-industrial doors, locks and gates hardware catalogue; culture admission cross-cultural; availability Antiquity / Medieval / Renaissance / Early Modern. It does not imply a custom matched-key or hidden-lock system."
preindustrial_door_warded_key_64,Pre-industrial,Antiquity / Medieval / Renaissance / Early Modern,"Doors, locks & gates",lock and hardware,cross-cultural,key,a reed copper warded key,copper,Small,Poor,1180,55,Era / Pre-Industrial Era; Functions / Household Items / Household Wares; Market / Household Goods / Standard Wares,Holdable; Destroyable_HeavyMetal; Warded_Key,Locksmithing,Blacksmithing,"Pre-industrial doors, locks and gates hardware catalogue; culture admission cross-cultural; availability Antiquity / Medieval / Renaissance / Early Modern. It does not imply a custom matched-key or hidden-lock system."
preindustrial_door_ring_key_65,Pre-industrial,Antiquity / Medieval / Renaissance / Early Modern,"Doors, locks & gates",lock and hardware,cross-cultural,key,a rosette pewter ring bow key,pewter,Small,Standard,1265,63,Era / Pre-Industrial Era; Functions / Household Items / Household Wares; Market / Household Goods / Standard Wares,Holdable; Destroyable_HeavyMetal; Warded_Key,Locksmithing,Blacksmithing,"Pre-industrial doors, locks and gates hardware catalogue; culture admission cross-cultural; availability Antiquity / Medieval / Renaissance / Early Modern. It does not imply a custom matched-key or hidden-lock system."
preindustrial_door_door_latch_66,Pre-industrial,Antiquity / Medieval / Renaissance / Early Modern,"Doors, locks & gates",lock and hardware,cross-cultural,latch,a checker wrought iron door latch,wrought iron,Small,Good,1350,71,Era / Pre-Industrial Era; Functions / Household Items / Household Wares; Market / Household Goods / Standard Wares,Holdable; Destroyable_HeavyMetal; Latch_Normal,Locksmithing,Blacksmithing,"Pre-industrial doors, locks and gates hardware catalogue; culture admission cross-cultural; availability Antiquity / Medieval / Renaissance / Early Modern. It does not imply a custom matched-key or hidden-lock system."
preindustrial_door_gate_dropbar_67,Pre-industrial,Antiquity / Medieval / Renaissance / Early Modern,"Doors, locks & gates",lock and hardware,cross-cultural,drop bar,a braided bronze gate drop bar,bronze,Small,Good,1435,79,Era / Pre-Industrial Era; Functions / Household Items / Household Wares; Market / Household Goods / Standard Wares,Holdable; Destroyable_HeavyMetal; Latch_Gate_DropBar,Locksmithing,Blacksmithing,"Pre-industrial doors, locks and gates hardware catalogue; culture admission cross-cultural; availability Antiquity / Medieval / Renaissance / Early Modern. It does not imply a custom matched-key or hidden-lock system."
preindustrial_door_door_bar_68,Pre-industrial,Antiquity / Medieval / Renaissance / Early Modern,"Doors, locks & gates",lock and hardware,cross-cultural,bar,a radiating brass door bar,brass,Small,Standard,1520,87,Era / Pre-Industrial Era; Functions / Household Items / Household Wares; Market / Household Goods / Standard Wares,Holdable; Destroyable_HeavyMetal; Latch_Door_Bar,Locksmithing,Blacksmithing,"Pre-industrial doors, locks and gates hardware catalogue; culture admission cross-cultural; availability Antiquity / Medieval / Renaissance / Early Modern. It does not imply a custom matched-key or hidden-lock system."
preindustrial_door_portcullis_pawl_69,Pre-industrial,Antiquity / Medieval / Renaissance / Early Modern,"Doors, locks & gates",lock and hardware,cross-cultural,pawl,a leaf-scroll copper winch pawl,copper,Small,VeryGood,160,95,Era / Pre-Industrial Era; Functions / Household Items / Household Wares; Market / Household Goods / Standard Wares,Holdable; Destroyable_HeavyMetal; Latch_Portcullis_Pawl,Locksmithing,Blacksmithing,"Pre-industrial doors, locks and gates hardware catalogue; culture admission cross-cultural; availability Antiquity / Medieval / Renaissance / Early Modern. It does not imply a custom matched-key or hidden-lock system."
preindustrial_door_hasp_70,Pre-industrial,Antiquity / Medieval / Renaissance / Early Modern,"Doors, locks & gates",lock and hardware,cross-cultural,hasp,a sunburst pewter iron hasp,pewter,Small,Good,245,103,Era / Pre-Industrial Era; Functions / Household Items / Household Wares; Market / Household Goods / Standard Wares,Holdable; Destroyable_HeavyMetal; Latch_Container_Hasp,Locksmithing,Blacksmithing,"Pre-industrial doors, locks and gates hardware catalogue; culture admission cross-cultural; availability Antiquity / Medieval / Renaissance / Early Modern. It does not imply a custom matched-key or hidden-lock system."
preindustrial_door_hook_latch_71,Pre-industrial,Antiquity / Medieval / Renaissance / Early Modern,"Doors, locks & gates",lock and hardware,cross-cultural,hook latch,a water-wave wrought iron hook latch,wrought iron,Small,Standard,330,111,Era / Pre-Industrial Era; Functions / Household Items / Household Wares; Market / Household Goods / Standard Wares,Holdable; Destroyable_HeavyMetal; Latch_Container_Hook,Locksmithing,Blacksmithing,"Pre-industrial doors, locks and gates hardware catalogue; culture admission cross-cultural; availability Antiquity / Medieval / Renaissance / Early Modern. It does not imply a custom matched-key or hidden-lock system."
preindustrial_door_strike_plate_72,Pre-industrial,Antiquity / Medieval / Renaissance / Early Modern,"Doors, locks & gates",lock and hardware,cross-cultural,strike plate,a knotted bronze strike plate,bronze,Small,Poor,415,119,Era / Pre-Industrial Era; Functions / Household Items / Household Wares; Market / Household Goods / Standard Wares,Holdable; Destroyable_HeavyMetal; Latch_Normal,Locksmithing,Blacksmithing,"Pre-industrial doors, locks and gates hardware catalogue; culture admission cross-cultural; availability Antiquity / Medieval / Renaissance / Early Modern. It does not imply a custom matched-key or hidden-lock system."
preindustrial_door_hinge_pair_73,Pre-industrial,Antiquity / Medieval / Renaissance / Early Modern,"Doors, locks & gates",lock and hardware,cross-cultural,hinges,a flower-head brass hinge pair,brass,Small,Standard,500,127,Era / Pre-Industrial Era; Functions / Household Items / Household Wares; Market / Household Goods / Standard Wares,Holdable; Destroyable_HeavyMetal; Latch_Normal,Locksmithing,Blacksmithing,"Pre-industrial doors, locks and gates hardware catalogue; culture admission cross-cultural; availability Antiquity / Medieval / Renaissance / Early Modern. It does not imply a custom matched-key or hidden-lock system."
preindustrial_door_keyring_74,Pre-industrial,Antiquity / Medieval / Renaissance / Early Modern,"Doors, locks & gates",lock and hardware,cross-cultural,keyring,a star copper keyring,copper,Small,Good,585,135,Era / Pre-Industrial Era; Functions / Household Items / Household Wares; Market / Household Goods / Standard Wares,Holdable; Destroyable_HeavyMetal; Warded_Key,Locksmithing,Blacksmithing,"Pre-industrial doors, locks and gates hardware catalogue; culture admission cross-cultural; availability Antiquity / Medieval / Renaissance / Early Modern. It does not imply a custom matched-key or hidden-lock system."
preindustrial_door_escutcheon_75,Pre-industrial,Antiquity / Medieval / Renaissance / Early Modern,"Doors, locks & gates",lock and hardware,cross-cultural,escutcheon,a bird pewter keyhole escutcheon,pewter,Small,Good,670,143,Era / Pre-Industrial Era; Functions / Household Items / Household Wares; Market / Household Goods / Standard Wares,Holdable; Destroyable_HeavyMetal; Latch_Normal,Locksmithing,Blacksmithing,"Pre-industrial doors, locks and gates hardware catalogue; culture admission cross-cultural; availability Antiquity / Medieval / Renaissance / Early Modern. It does not imply a custom matched-key or hidden-lock system."
preindustrial_door_warded_lock_76,Pre-industrial,Antiquity / Medieval / Renaissance / Early Modern,"Doors, locks & gates",lock and hardware,cross-cultural,lock,a vine wrought iron warded lock,wrought iron,Small,Standard,755,151,Era / Pre-Industrial Era; Functions / Household Items / Household Wares; Market / Household Goods / Standard Wares,Holdable; Destroyable_HeavyMetal; Warded_Lock_Normal,Locksmithing,Blacksmithing,"Pre-industrial doors, locks and gates hardware catalogue; culture admission cross-cultural; availability Antiquity / Medieval / Renaissance / Early Modern. It does not imply a custom matched-key or hidden-lock system."
preindustrial_door_good_warded_lock_77,Pre-industrial,Antiquity / Medieval / Renaissance / Early Modern,"Doors, locks & gates",lock and hardware,cross-cultural,lock,a geometric bronze fine warded lock,bronze,Small,VeryGood,840,7,Era / Pre-Industrial Era; Functions / Household Items / Household Wares; Market / Household Goods / Standard Wares,Holdable; Destroyable_HeavyMetal; Warded_Lock_Good,Locksmithing,Blacksmithing,"Pre-industrial doors, locks and gates hardware catalogue; culture admission cross-cultural; availability Antiquity / Medieval / Renaissance / Early Modern. It does not imply a custom matched-key or hidden-lock system."
preindustrial_door_master_warded_lock_78,Pre-industrial,Antiquity / Medieval / Renaissance / Early Modern,"Doors, locks & gates",lock and hardware,cross-cultural,lock,a cloud brass master warded lock,brass,Small,Good,925,15,Era / Pre-Industrial Era; Functions / Household Items / Household Wares; Market / Household Goods / Standard Wares,Holdable; Destroyable_HeavyMetal; Warded_Lock_Master,Locksmithing,Blacksmithing,"Pre-industrial doors, locks and gates hardware catalogue; culture admission cross-cultural; availability Antiquity / Medieval / Renaissance / Early Modern. It does not imply a custom matched-key or hidden-lock system."
preindustrial_door_warded_key_79,Pre-industrial,Antiquity / Medieval / Renaissance / Early Modern,"Doors, locks & gates",lock and hardware,cross-cultural,key,a shell copper warded key,copper,Small,Standard,1010,23,Era / Pre-Industrial Era; Functions / Household Items / Household Wares; Market / Household Goods / Standard Wares,Holdable; Destroyable_HeavyMetal; Warded_Key,Locksmithing,Blacksmithing,"Pre-industrial doors, locks and gates hardware catalogue; culture admission cross-cultural; availability Antiquity / Medieval / Renaissance / Early Modern. It does not imply a custom matched-key or hidden-lock system."
preindustrial_door_ring_key_80,Pre-industrial,Antiquity / Medieval / Renaissance / Early Modern,"Doors, locks & gates",lock and hardware,cross-cultural,key,a reed pewter ring bow key,pewter,Small,Poor,1095,31,Era / Pre-Industrial Era; Functions / Household Items / Household Wares; Market / Household Goods / Standard Wares,Holdable; Destroyable_HeavyMetal; Warded_Key,Locksmithing,Blacksmithing,"Pre-industrial doors, locks and gates hardware catalogue; culture admission cross-cultural; availability Antiquity / Medieval / Renaissance / Early Modern. It does not imply a custom matched-key or hidden-lock system."
preindustrial_door_door_latch_81,Pre-industrial,Antiquity / Medieval / Renaissance / Early Modern,"Doors, locks & gates",lock and hardware,cross-cultural,latch,a rosette wrought iron door latch,wrought iron,Small,Standard,1180,39,Era / Pre-Industrial Era; Functions / Household Items / Household Wares; Market / Household Goods / Standard Wares,Holdable; Destroyable_HeavyMetal; Latch_Normal,Locksmithing,Blacksmithing,"Pre-industrial doors, locks and gates hardware catalogue; culture admission cross-cultural; availability Antiquity / Medieval / Renaissance / Early Modern. It does not imply a custom matched-key or hidden-lock system."
preindustrial_door_gate_dropbar_82,Pre-industrial,Antiquity / Medieval / Renaissance / Early Modern,"Doors, locks & gates",lock and hardware,cross-cultural,drop bar,a checker bronze gate drop bar,bronze,Small,Good,1265,47,Era / Pre-Industrial Era; Functions / Household Items / Household Wares; Market / Household Goods / Standard Wares,Holdable; Destroyable_HeavyMetal; Latch_Gate_DropBar,Locksmithing,Blacksmithing,"Pre-industrial doors, locks and gates hardware catalogue; culture admission cross-cultural; availability Antiquity / Medieval / Renaissance / Early Modern. It does not imply a custom matched-key or hidden-lock system."
preindustrial_door_door_bar_83,Pre-industrial,Antiquity / Medieval / Renaissance / Early Modern,"Doors, locks & gates",lock and hardware,cross-cultural,bar,a braided brass door bar,brass,Small,Good,1350,55,Era / Pre-Industrial Era; Functions / Household Items / Household Wares; Market / Household Goods / Standard Wares,Holdable; Destroyable_HeavyMetal; Latch_Door_Bar,Locksmithing,Blacksmithing,"Pre-industrial doors, locks and gates hardware catalogue; culture admission cross-cultural; availability Antiquity / Medieval / Renaissance / Early Modern. It does not imply a custom matched-key or hidden-lock system."
preindustrial_door_portcullis_pawl_84,Pre-industrial,Antiquity / Medieval / Renaissance / Early Modern,"Doors, locks & gates",lock and hardware,cross-cultural,pawl,a radiating copper winch pawl,copper,Small,Standard,1435,63,Era / Pre-Industrial Era; Functions / Household Items / Household Wares; Market / Household Goods / Standard Wares,Holdable; Destroyable_HeavyMetal; Latch_Portcullis_Pawl,Locksmithing,Blacksmithing,"Pre-industrial doors, locks and gates hardware catalogue; culture admission cross-cultural; availability Antiquity / Medieval / Renaissance / Early Modern. It does not imply a custom matched-key or hidden-lock system."
preindustrial_door_hasp_85,Pre-industrial,Antiquity / Medieval / Renaissance / Early Modern,"Doors, locks & gates",lock and hardware,cross-cultural,hasp,a leaf-scroll pewter iron hasp,pewter,Small,VeryGood,1520,71,Era / Pre-Industrial Era; Functions / Household Items / Household Wares; Market / Household Goods / Standard Wares,Holdable; Destroyable_HeavyMetal; Latch_Container_Hasp,Locksmithing,Blacksmithing,"Pre-industrial doors, locks and gates hardware catalogue; culture admission cross-cultural; availability Antiquity / Medieval / Renaissance / Early Modern. It does not imply a custom matched-key or hidden-lock system."
preindustrial_door_hook_latch_86,Pre-industrial,Antiquity / Medieval / Renaissance / Early Modern,"Doors, locks & gates",lock and hardware,cross-cultural,hook latch,a sunburst wrought iron hook latch,wrought iron,Small,Good,160,79,Era / Pre-Industrial Era; Functions / Household Items / Household Wares; Market / Household Goods / Standard Wares,Holdable; Destroyable_HeavyMetal; Latch_Container_Hook,Locksmithing,Blacksmithing,"Pre-industrial doors, locks and gates hardware catalogue; culture admission cross-cultural; availability Antiquity / Medieval / Renaissance / Early Modern. It does not imply a custom matched-key or hidden-lock system."
preindustrial_door_strike_plate_87,Pre-industrial,Antiquity / Medieval / Renaissance / Early Modern,"Doors, locks & gates",lock and hardware,cross-cultural,strike plate,a water-wave bronze strike plate,bronze,Small,Standard,245,87,Era / Pre-Industrial Era; Functions / Household Items / Household Wares; Market / Household Goods / Standard Wares,Holdable; Destroyable_HeavyMetal; Latch_Normal,Locksmithing,Blacksmithing,"Pre-industrial doors, locks and gates hardware catalogue; culture admission cross-cultural; availability Antiquity / Medieval / Renaissance / Early Modern. It does not imply a custom matched-key or hidden-lock system."
preindustrial_door_hinge_pair_88,Pre-industrial,Antiquity / Medieval / Renaissance / Early Modern,"Doors, locks & gates",lock and hardware,cross-cultural,hinges,a knotted brass hinge pair,brass,Small,Poor,330,95,Era / Pre-Industrial Era; Functions / Household Items / Household Wares; Market / Household Goods / Standard Wares,Holdable; Destroyable_HeavyMetal; Latch_Normal,Locksmithing,Blacksmithing,"Pre-industrial doors, locks and gates hardware catalogue; culture admission cross-cultural; availability Antiquity / Medieval / Renaissance / Early Modern. It does not imply a custom matched-key or hidden-lock system."
preindustrial_door_keyring_89,Pre-industrial,Antiquity / Medieval / Renaissance / Early Modern,"Doors, locks & gates",lock and hardware,cross-cultural,keyring,a flower-head copper keyring,copper,Small,Standard,415,103,Era / Pre-Industrial Era; Functions / Household Items / Household Wares; Market / Household Goods / Standard Wares,Holdable; Destroyable_HeavyMetal; Warded_Key,Locksmithing,Blacksmithing,"Pre-industrial doors, locks and gates hardware catalogue; culture admission cross-cultural; availability Antiquity / Medieval / Renaissance / Early Modern. It does not imply a custom matched-key or hidden-lock system."
preindustrial_door_escutcheon_90,Pre-industrial,Antiquity / Medieval / Renaissance / Early Modern,"Doors, locks & gates",lock and hardware,cross-cultural,escutcheon,a star pewter keyhole escutcheon,pewter,Small,Good,500,111,Era / Pre-Industrial Era; Functions / Household Items / Household Wares; Market / Household Goods / Standard Wares,Holdable; Destroyable_HeavyMetal; Latch_Normal,Locksmithing,Blacksmithing,"Pre-industrial doors, locks and gates hardware catalogue; culture admission cross-cultural; availability Antiquity / Medieval / Renaissance / Early Modern. It does not imply a custom matched-key or hidden-lock system."
