Canonical Type	Technology	Builder Primary	Builder Aliases	Database Loader	Prototype Class	Exclusive Capabilities	Required Sibling Capabilities	Seeded Prototype Count	Seeder Owner	Industrialised Relevance	Disposition	Notes	Runtime Component Class	Prototype XML Load	Prototype XML Save	Create Path	Component Load Path	Revision Copy Path	Builder Command Path	Runtime Copy Path
ActiveCraft	General			yes	MudSharp.GameItems.Prototypes.ActiveCraftGameItemComponentProto	IActiveCraftGameItemComponent		1	UsefulSeeder	General-shared	exported-and-current	Reusable stock is present in the maintained component export.	MudSharp.GameItems.Components.ActiveCraftGameItemComponent	yes	yes	yes	yes	yes	yes	yes
Alarm Siren	Modern	alarmsiren	alarm siren; alarmsiren	yes	MudSharp.GameItems.Prototypes.AlarmSirenGameItemComponentProto			2	UsefulSeeder	Industrialised-direct	exported-and-current	Reusable stock is present in the maintained component export.	MudSharp.GameItems.Components.AlarmSirenGameItemComponent	yes	yes	yes	yes	yes	yes	yes
AmmoClip	Modern	ammoclip	ammoclip	yes	MudSharp.GameItems.Prototypes.AmmoClipGameItemComponentProto	IAmmoClip; IContainer		7	CombatSeeder	Industrialised-direct	exported-and-current	Reusable stock is present in the maintained component export.	MudSharp.GameItems.Components.AmmoClipGameItemComponent	yes	yes	yes	yes	yes	yes	yes
Ammunition	Modern	ammo	ammo; ammunition	yes	MudSharp.GameItems.Prototypes.AmmunitionGameItemComponentProto	IAmmo		23	UsefulSeeder	Industrialised-direct	exported-and-current	Reusable stock is present in the maintained component export.	MudSharp.GameItems.Components.AmmunitionGameItemComponent	yes	yes	yes	yes	yes	yes	yes
AnsweringMachine	Modern	answeringmachine	answering machine; answeringmachine	yes	MudSharp.GameItems.Prototypes.AnsweringMachineGameItemComponentProto	IAnsweringMachine; IContainer; IReceive; ISelectable; ITelephone; ITransmit		1	UsefulSeeder	Industrialised-direct	exported-and-current	Reusable stock is present in the maintained component export.	MudSharp.GameItems.Components.AnsweringMachineGameItemComponent	yes	yes	yes	yes	yes	yes	yes
Armour	General	armour	armor; armour	yes	MudSharp.GameItems.Prototypes.ArmourGameItemComponentProto	IArmour		33	UsefulSeeder	General-shared	exported-and-current	Reusable stock is present in the maintained component export.	MudSharp.GameItems.Components.ArmourGameItemComponent	yes	yes	yes	yes	yes	yes	yes
ArtilleryAmmunition	Modern	artilleryammo	artilleryammo	yes	MudSharp.GameItems.Prototypes.ArtilleryAmmunitionGameItemComponentProto	IAmmo; IArtilleryAmmunition		20	UsefulSeeder	Industrialised-direct	exported-and-current	Reusable stock is present in the maintained component export.	MudSharp.GameItems.Components.ArtilleryAmmunitionGameItemComponent	yes	yes	yes	yes	yes	yes	yes
ArtilleryChamber	Modern	artillerychamber	artillerychamber	yes	MudSharp.GameItems.Prototypes.ArtilleryChamberGameItemComponentProto	IArtilleryChamber		1	UsefulSeeder	Industrialised-direct	exported-and-current	Reusable stock is present in the maintained component export.	MudSharp.GameItems.Components.ArtilleryChamberGameItemComponent	yes	yes	yes	yes	yes	yes	yes
ArtilleryMount	Modern	artillerymount	artillerymount	yes	MudSharp.GameItems.Prototypes.ArtilleryMountGameItemComponentProto	IArtilleryMount		1	UsefulSeeder	Industrialised-direct	exported-and-current	Reusable stock is present in the maintained component export.	MudSharp.GameItems.Components.ArtilleryMountGameItemComponent	yes	yes	yes	yes	yes	yes	yes
ArtilleryPiece	Modern	artillery	artillery; artillerypiece	yes	MudSharp.GameItems.Prototypes.ArtilleryPieceGameItemComponentProto	IArtilleryPiece; IRangedWeaponPlatform		20	UsefulSeeder	Industrialised-direct	exported-and-current	Reusable stock is present in the maintained component export.	MudSharp.GameItems.Components.ArtilleryPieceGameItemComponent	yes	yes	yes	yes	yes	yes	yes
Attachable Connectable	General	attachableconnectable	attachable connectable; attachableconnectable; attachconnect; attconn	yes	MudSharp.GameItems.Prototypes.AttachableConnectableGameItemComponentProto			1	UsefulSeeder	General-shared	exported-and-current	Reusable stock is present in the maintained component export.	MudSharp.GameItems.Components.AttachableConnectableGameItemComponent	yes	yes	yes	yes	yes	yes	yes
Automation Housing	Modern	automationhousing	automation housing; automationhousing; automationjunction; junction housing	yes	MudSharp.GameItems.Prototypes.AutomationHousingGameItemComponentProto	IAutomationHousing; IContainer; ILock; ILockable; IOpenable		2	UsefulSeeder	Industrialised-direct	exported-and-current	Reusable stock is present in the maintained component export.	MudSharp.GameItems.Components.AutomationHousingGameItemComponent	yes	yes	yes	yes	yes	yes	yes
Automation Mount Host	Modern	automationmounthost	autohost; automation host; automationmounthost	yes	MudSharp.GameItems.Prototypes.AutomationMountHostGameItemComponentProto	IAutomationMountHost		2	UsefulSeeder	Industrialised-direct	exported-and-current	Reusable stock is present in the maintained component export.	MudSharp.GameItems.Components.AutomationMountHostGameItemComponent	yes	yes	yes	yes	yes	yes	yes
BankPayment	Modern	bankpayment	bankpayment	yes	MudSharp.GameItems.Prototypes.BankPaymentGameItemComponentProto	IBankPaymentItem		2	UsefulSeeder	Industrialised-direct	exported-and-current	Reusable stock is present in the maintained component export.	MudSharp.GameItems.Components.BankPaymentGameItemComponent	yes	yes	yes	yes	yes	yes	yes
Battery	Modern	battery	battery	yes	MudSharp.GameItems.Prototypes.BatteryGameItemComponentProto	IBattery		18	UsefulSeeder	Industrialised-direct	exported-and-current	Reusable stock is present in the maintained component export.	MudSharp.GameItems.Components.BatteryGameItemComponent	yes	yes	yes	yes	yes	yes	yes
BatteryCharger	Modern	batterycharger	batterycharger	yes	MudSharp.GameItems.Prototypes.BatteryChargerGameItemComponentProto	IContainer; ILockable; IOpenable		14	UsefulSeeder	Industrialised-direct	exported-and-current	Reusable stock is present in the maintained component export.	MudSharp.GameItems.Components.BatteryChargerGameItemComponent	yes	yes	yes	yes	yes	yes	yes
BatteryPowered	Modern	batterypowered	batterypower; batterypowered; bpowered	yes	MudSharp.GameItems.Prototypes.BatteryPoweredGameItemComponentProto	IContainer; IOpenable		27	UsefulSeeder	Industrialised-direct	exported-and-current	Reusable stock is present in the maintained component export.	MudSharp.GameItems.Components.BatteryPoweredGameItemComponent	yes	yes	yes	yes	yes	yes	yes
BayonetAttachment	Modern	bayonetattachment	bayonet attachment; bayonetattachment	yes	MudSharp.GameItems.Prototypes.BayonetAttachmentGameItemComponentProto	IBayonetAttachment		3	UsefulSeeder	Industrialised-direct	exported-and-current	Reusable stock is present in the maintained component export.	MudSharp.GameItems.Components.BayonetAttachmentGameItemComponent	yes	yes	yes	yes	yes	yes	yes
Belt	General	belt	belt	yes	MudSharp.GameItems.Prototypes.BeltGameItemComponentProto	IBelt		4	UsefulSeeder	General-shared	exported-and-current	Reusable stock is present in the maintained component export.	MudSharp.GameItems.Components.BeltGameItemComponent	yes	yes	yes	yes	yes	yes	yes
Beltable	General	beltable	beltable	yes	MudSharp.GameItems.Prototypes.BeltableGameItemComponentProto	IBeltable		1	UsefulSeeder	General-shared	exported-and-current	Reusable stock is present in the maintained component export.	MudSharp.GameItems.Components.BeltableGameItemComponent	yes	yes	yes	yes	yes	yes	yes
Bench	General	bench	bench	yes	MudSharp.GameItems.Prototypes.BenchGameItemComponentProto	IFlip; IProvideCover; ITable		2	UsefulSeeder	General-shared	exported-and-current	Reusable stock is present in the maintained component export.	MudSharp.GameItems.Components.BenchGameItemComponent	yes	yes	yes	yes	yes	yes	yes
BiometricScanner	General	biometricscanner	biometricscanner	yes	MudSharp.GameItems.Prototypes.BiometricScannerGameItemComponentProto	IAccessControlReader; IAutomationMountable; IBiometricScanner		0	UsefulSeeder	General-shared	dependency-bound	Requires a selected world anatomy shape; UsefulSeeder must not guess one when run independently.	MudSharp.GameItems.Components.BiometricScannerGameItemComponent	yes	yes	yes	yes	yes	yes	yes
Biro	Modern	biro	biro	yes	MudSharp.GameItems.Prototypes.BiroGameItemComponentProto	IWritingImplement		5	UsefulSeeder	Industrialised-direct	exported-and-current	Reusable stock is present in the maintained component export.	MudSharp.GameItems.Components.BiroGameItemComponent	yes	yes	yes	yes	yes	yes	yes
Blindfold	General	blindfold	blindfold	yes	MudSharp.GameItems.Prototypes.BlindfoldGameItemComponentProto	IBlindfold		1	UsefulSeeder	General-shared	exported-and-current	Reusable stock is present in the maintained component export.	MudSharp.GameItems.Components.BlindfoldGameItemComponent	yes	yes	yes	yes	yes	yes	yes
Blowgun	General	blowgun	blowgun	yes	MudSharp.GameItems.Prototypes.BlowgunGameItemComponentProto	IRangedWeapon; IRangedWeaponPlatform; IWieldable		3	UsefulSeeder	General-shared	exported-and-current	Reusable stock is present in the maintained component export.	MudSharp.GameItems.Components.BlowgunGameItemComponent	yes	yes	yes	yes	yes	yes	yes
Board	General	board	board	yes	MudSharp.GameItems.Prototypes.BoardGameItemComponentProto	IBoardItem		0	UsefulSeeder	General-shared	honest-alternate-satisfied	Existing reusable profiles cover the near-term semantic requirement.	MudSharp.GameItems.Components.BoardGameItemComponent	yes	yes	yes	yes	yes	yes	yes
Bodypart	General			yes	MudSharp.GameItems.Prototypes.BodypartGameItemComponentProto	IButcherable; IContainer; ISeveredBodypart		1	UsefulSeeder	General-shared	exported-and-current	Reusable stock is present in the maintained component export.	MudSharp.GameItems.Components.BodypartGameItemComponent	yes	yes	yes	yes	yes	yes	yes
BoltAction	Modern	boltaction	boltaction	yes	MudSharp.GameItems.Prototypes.BoltActionGameItemComponentProto	IFirearm; IFirearmAttachmentHost; IMeleeWeapon; IRangedWeapon; IRangedWeaponPlatform; IWieldable		1	CombatSeeder	Industrialised-direct	exported-and-current	Reusable stock is present in the maintained component export.	MudSharp.GameItems.Components.BoltActionGameItemComponent	yes	yes	yes	yes	yes	yes	yes
Bomb	Modern	bomb	bomb	yes	MudSharp.GameItems.Prototypes.BombGameItemComponentProto	IDetonatable		1	UsefulSeeder	Industrialised-direct	exported-and-current	Reusable stock is present in the maintained component export.	MudSharp.GameItems.Components.BombGameItemComponent	yes	yes	yes	yes	yes	yes	yes
Book	General	book	book	yes	MudSharp.GameItems.Prototypes.BookGameItemComponentProto	IOpenable; IReadable; ITearable; ITurnable; IWriteable		25	UsefulSeeder	General-shared	exported-and-current	Reusable stock is present in the maintained component export.	MudSharp.GameItems.Components.BookGameItemComponent	yes	yes	yes	yes	yes	yes	yes
Bow	General	bow	bow	yes	MudSharp.GameItems.Prototypes.BowGameItemComponentProto	IMeleeWeapon; IRangedWeapon; IRangedWeaponPlatform; IRangedWeaponWithUnreadyEvent; IWieldable		6	UsefulSeeder	General-shared	exported-and-current	Reusable stock is present in the maintained component export.	MudSharp.GameItems.Components.BowGameItemComponent	yes	yes	yes	yes	yes	yes	yes
BreathingFilter	Modern	breathingfilter	breathingfilter	yes	MudSharp.GameItems.Prototypes.BreathingFilterGameItemComponentProto	IContainer; IProvideGasForBreathing		0	UsefulSeeder	Industrialised-direct	dependency-bound	Requires finished-item or world-specific references; do not seed placeholder IDs.	MudSharp.GameItems.Components.BreathingFilterGameItemComponent	yes	yes	yes	yes	yes	yes	yes
Camera	Modern	camera	camera	yes	MudSharp.GameItems.Prototypes.CameraGameItemComponentProto	IMediaCaptureSource		2	UsefulSeeder	Industrialised-direct	exported-and-current	Reusable stock is present in the maintained component export.	MudSharp.GameItems.Components.CameraGameItemComponent	yes	yes	yes	yes	yes	yes	yes
Cannula	Modern	cannula	cannula	yes	MudSharp.GameItems.Prototypes.CannulaGameItemComponentProto	ICannula; IImplant		3	UsefulSeeder	Industrialised-direct	exported-and-current	Reusable stock is present in the maintained component export.	MudSharp.GameItems.Components.CannulaGameItemComponent	yes	yes	yes	yes	yes	yes	yes
CashRegister	Modern	cashregister	cashregister	yes	MudSharp.GameItems.Prototypes.CashRegisterGameItemComponentProto	IContainer; IOpenable; ISelectable		1	UsefulSeeder	Industrialised-direct	exported-and-current	Reusable stock is present in the maintained component export.	MudSharp.GameItems.Components.CashRegisterGameItemComponent	yes	yes	yes	yes	yes	yes	yes
CellPhoneTower	Modern	cellphonetower	cell phone tower; cell tower; cellphonetower; celltower	yes	MudSharp.GameItems.Prototypes.CellPhoneTowerGameItemComponentProto	ICellPhoneTower		2	UsefulSeeder	Industrialised-direct	exported-and-current	Reusable stock is present in the maintained component export.	MudSharp.GameItems.Components.CellPhoneTowerGameItemComponent	yes	yes	yes	yes	yes	yes	yes
CellularPhone	Modern	cellularphone	cell phone; cellphone; cellular phone; cellularphone	yes	MudSharp.GameItems.Prototypes.CellularPhoneGameItemComponentProto	IReceive; ITelephone; ITransmit		2	UsefulSeeder	Industrialised-direct	exported-and-current	Reusable stock is present in the maintained component export.	MudSharp.GameItems.Components.CellularPhoneGameItemComponent	yes	yes	yes	yes	yes	yes	yes
Chair	General	chair	chair	yes	MudSharp.GameItems.Prototypes.ChairGameItemComponentProto	IChair		4	UsefulSeeder	General-shared	exported-and-current	Reusable stock is present in the maintained component export.	MudSharp.GameItems.Components.ChairGameItemComponent	yes	yes	yes	yes	yes	yes	yes
Changer	General	changer	changer	yes	MudSharp.GameItems.Prototypes.ChangerGameItemComponentProto	IChangeCharacteristics		0	UsefulSeeder	General-shared	honest-alternate-satisfied	Existing reusable profiles cover the near-term semantic requirement.	MudSharp.GameItems.Components.ChangerGameItemComponent	yes	yes	yes	yes	yes	yes	yes
ClockDetonator	Modern	clockdetonator	clock detonator; clockdetonator	yes	MudSharp.GameItems.Prototypes.ClockDetonatorGameItemComponentProto	IArmableExplosiveTrigger	IDetonatable	1	CombatSeeder	Industrialised-direct	exported-and-current	Reusable stock is present in the maintained component export.	MudSharp.GameItems.Components.ClockDetonatorGameItemComponent	yes	yes	yes	yes	yes	yes	yes
ClothingInsulation	General	clothinginsulation	clothinginsulation	yes	MudSharp.GameItems.Prototypes.ClothingInsulationGameItemComponentProto	IInsulating		9	UsefulSeeder	General-shared	exported-and-current	Reusable stock is present in the maintained component export.	MudSharp.GameItems.Components.ClothingInsulationGameItemComponent	yes	yes	yes	yes	yes	yes	yes
Combustion Engine	Modern	combustion engine	combustion engine; combustionengine	yes	MudSharp.GameItems.Prototypes.CombustionEngineGameItemComponentProto	IVehicleEngine		2	UsefulSeeder	Industrialised-direct	exported-and-current	Reusable stock is present in the maintained component export.	MudSharp.GameItems.Components.CombustionEngineGameItemComponent	yes	yes	yes	yes	yes	yes	yes
Commodity	General			yes	MudSharp.GameItems.Prototypes.CommodityGameItemComponentProto	ICommodity		1	UsefulSeeder	General-shared	exported-and-current	Reusable stock is present in the maintained component export.	MudSharp.GameItems.Components.CommodityGameItemComponent	yes	yes	yes	yes	yes	yes	yes
Compressor	Modern	compressor	compressor	yes	MudSharp.GameItems.Prototypes.CompressorGameItemComponentProto			1	UsefulSeeder	Industrialised-direct	exported-and-current	Reusable stock is present in the maintained component export.	MudSharp.GameItems.Components.CompressorGameItemComponent	yes	yes	yes	yes	yes	yes	yes
Computer Host	Modern	computerhost	computer host; computerhost	yes	MudSharp.GameItems.Prototypes.ComputerHostGameItemComponentProto			2	UsefulSeeder	Industrialised-direct	exported-and-current	Reusable stock is present in the maintained component export.	MudSharp.GameItems.Components.ComputerHostGameItemComponent	yes	yes	yes	yes	yes	yes	yes
Computer Media Interface	Modern	computermediainterface	computer media interface; computermediainterface	yes	MudSharp.GameItems.Prototypes.ComputerMediaInterfaceGameItemComponentProto			1	UsefulSeeder	Industrialised-direct	exported-and-current	Reusable stock is present in the maintained component export.	MudSharp.GameItems.Components.ComputerMediaInterfaceGameItemComponent	yes	yes	yes	yes	yes	yes	yes
Computer Storage	Modern	computerstorage	computer storage; computerstorage	yes	MudSharp.GameItems.Prototypes.ComputerStorageGameItemComponentProto			2	UsefulSeeder	Industrialised-direct	exported-and-current	Reusable stock is present in the maintained component export.	MudSharp.GameItems.Components.ComputerStorageGameItemComponent	yes	yes	yes	yes	yes	yes	yes
Computer Terminal	Modern	computerterminal	computer terminal; computerterminal	yes	MudSharp.GameItems.Prototypes.ComputerTerminalGameItemComponentProto			2	UsefulSeeder	Industrialised-direct	exported-and-current	Reusable stock is present in the maintained component export.	MudSharp.GameItems.Components.ComputerTerminalGameItemComponent	yes	yes	yes	yes	yes	yes	yes
Connectable	General	connectable	connectable	yes	MudSharp.GameItems.Prototypes.ConnectableGameItemComponentProto			3	UsefulSeeder	General-shared	exported-and-current	Reusable stock is present in the maintained component export.	MudSharp.GameItems.Components.ConnectableGameItemComponent	yes	yes	yes	yes	yes	yes	yes
ConsumableHeaterCooler	General	consumableheatercooler	consumable heater cooler; consumableheatercooler	yes	MudSharp.GameItems.Prototypes.ConsumableHeaterCoolerGameItemComponentProto			3	UsefulSeeder	General-shared	exported-and-current	Reusable stock is present in the maintained component export.	MudSharp.GameItems.Components.ConsumableHeaterCoolerGameItemComponent	yes	yes	yes	yes	yes	yes	yes
Container	General	container	container	yes	MudSharp.GameItems.Prototypes.ContainerGameItemComponentProto	IContainer; ILockable; IOpenable		74	UsefulSeeder	General-shared	exported-and-current	Reusable stock is present in the maintained component export.	MudSharp.GameItems.Components.ContainerGameItemComponent	yes	yes	yes	yes	yes	yes	yes
Corpse	General			yes	MudSharp.GameItems.Prototypes.CorpseGameItemComponentProto	IBodyRemains; IButcherable; ICorpse		1	UsefulSeeder	General-shared	exported-and-current	Reusable stock is present in the maintained component export.	MudSharp.GameItems.Components.CorpseGameItemComponent	yes	yes	yes	yes	yes	yes	yes
CountdownDetonator	Modern	countdowndetonator	countdown detonator; countdowndetonator	yes	MudSharp.GameItems.Prototypes.CountdownDetonatorGameItemComponentProto	IArmableExplosiveTrigger	IDetonatable	1	CombatSeeder	Industrialised-direct	exported-and-current	Reusable stock is present in the maintained component export.	MudSharp.GameItems.Components.CountdownDetonatorGameItemComponent	yes	yes	yes	yes	yes	yes	yes
Cover	General	cover	cover	yes	MudSharp.GameItems.Prototypes.CoverGameItemComponentProto	IProvideCover		6	UsefulSeeder	General-shared	exported-and-current	Reusable stock is present in the maintained component export.	MudSharp.GameItems.Components.CoverGameItemComponent	yes	yes	yes	yes	yes	yes	yes
Crayon	General	crayon	crayon	yes	MudSharp.GameItems.Prototypes.CrayonGameItemComponentProto	IWritingImplement		2	UsefulSeeder	General-shared	exported-and-current	Reusable stock is present in the maintained component export.	MudSharp.GameItems.Components.CrayonGameItemComponent	yes	yes	yes	yes	yes	yes	yes
Crossbow	General	crossbow	crossbow	yes	MudSharp.GameItems.Prototypes.CrossbowGameItemComponentProto	IEmplaceableRangedWeapon; IMeleeWeapon; IRangedWeapon; IRangedWeaponPlatform; IWieldable		14	UsefulSeeder	General-shared	exported-and-current	Reusable stock is present in the maintained component export.	MudSharp.GameItems.Components.CrossbowGameItemComponent	yes	yes	yes	yes	yes	yes	yes
Crutch	General	crutch	crutch	yes	MudSharp.GameItems.Prototypes.CrutchGameItemComponentProto	ICrutch		1	UsefulSeeder	General-shared	exported-and-current	Reusable stock is present in the maintained component export.	MudSharp.GameItems.Components.CrutchGameItemComponent	yes	yes	yes	yes	yes	yes	yes
Currency Pile	General			yes	MudSharp.GameItems.Prototypes.CurrencyGameItemComponentProto	ICurrencyPile		1	UsefulSeeder	General-shared	exported-and-current	Reusable stock is present in the maintained component export.	MudSharp.GameItems.Components.CurrencyGameItemComponent	yes	yes	yes	yes	yes	yes	yes
Defibrillator	Modern	defibrillator	defibrillator	yes	MudSharp.GameItems.Prototypes.DefibrillatorGameItemComponentProto	IDefibrillator		2	UsefulSeeder	Industrialised-direct	exported-and-current	Reusable stock is present in the maintained component export.	MudSharp.GameItems.Components.DefibrillatorGameItemComponent	yes	yes	yes	yes	yes	yes	yes
Destroyable	General	destroyable	destroyable	yes	MudSharp.GameItems.Prototypes.DestroyableGameItemComponentProto	IDestroyable		11	UsefulSeeder	General-shared	exported-and-current	Reusable stock is present in the maintained component export.	MudSharp.GameItems.Components.DestroyableGameItemComponent	yes	yes	yes	yes	yes	yes	yes
Dice	General	dice	dice	yes	MudSharp.GameItems.Prototypes.DiceGameItemComponentProto	IDice		8	UsefulSeeder	General-shared	exported-and-current	Reusable stock is present in the maintained component export.	MudSharp.GameItems.Components.DiceGameItemComponent	yes	yes	yes	yes	yes	yes	yes
Digital Media Recorder	General	digitalmediarecorder	digital recorder; digitalmediarecorder	yes	MudSharp.GameItems.Prototypes.DigitalMediaRecorderGameItemComponentProto	IDigitalMediaRecorder; IMediaDeck		1	UsefulSeeder	General-shared	exported-and-current	Reusable stock is present in the maintained component export.	MudSharp.GameItems.Components.DigitalMediaRecorderGameItemComponent	yes	yes	yes	yes	yes	yes	yes
Door	General	door	door	yes	MudSharp.GameItems.Prototypes.DoorGameItemComponentProto	IDoor; ILockable; IOpenable		117	UsefulSeeder	General-shared	exported-and-current	Reusable stock is present in the maintained component export.	MudSharp.GameItems.Components.DoorGameItemComponent	yes	yes	yes	yes	yes	yes	yes
DragAid	General	dragaid	dragaid	yes	MudSharp.GameItems.Prototypes.DragAidGameItemComponentProto	IDragAid		5	UsefulSeeder	General-shared	exported-and-current	Reusable stock is present in the maintained component export.	MudSharp.GameItems.Components.DragAidGameItemComponent	yes	yes	yes	yes	yes	yes	yes
Drip	Modern	drip	drip	yes	MudSharp.GameItems.Prototypes.DripGameItemComponentProto	IDrip; ISelectable		1	UsefulSeeder	Industrialised-direct	exported-and-current	Reusable stock is present in the maintained component export.	MudSharp.GameItems.Components.DripGameItemComponent	yes	yes	yes	yes	yes	yes	yes
Dryer	Modern	dryer	dryer	yes	MudSharp.GameItems.Prototypes.DryerGameItemComponentProto	IContainer; ILockable; IOpenable		1	UsefulSeeder	Industrialised-direct	exported-and-current	Reusable stock is present in the maintained component export.	MudSharp.GameItems.Components.DryerGameItemComponent	yes	yes	yes	yes	yes	yes	yes
Dwelling	General	dwelling	dwelling	yes	MudSharp.GameItems.Prototypes.DwellingGameItemComponentProto			0	Runtime	General-shared	system-or-context-owned	Do not expose as ordinary reusable catalogue stock.	MudSharp.GameItems.Components.DwellingGameItemComponent	yes	yes	yes	yes	yes	yes	yes
EarpieceRadio	Modern	earpieceradio	earpieceradio	yes	MudSharp.GameItems.Prototypes.EarpieceRadioGameItemComponentProto	IReceive		1	UsefulSeeder	Industrialised-direct	exported-and-current	Reusable stock is present in the maintained component export.	MudSharp.GameItems.Components.EarpieceRadioGameItemComponent	yes	yes	yes	yes	yes	yes	yes
Electric Engine	Modern	electric engine	electric engine; electricengine	yes	MudSharp.GameItems.Prototypes.ElectricEngineGameItemComponentProto	IVehicleEngine		1	UsefulSeeder	Industrialised-direct	exported-and-current	Reusable stock is present in the maintained component export.	MudSharp.GameItems.Components.ElectricEngineGameItemComponent	yes	yes	yes	yes	yes	yes	yes
ElectricGridCreator	Modern	electricgridcreator	electricgridcreator	yes	MudSharp.GameItems.Prototypes.ElectricGridCreatorGameItemComponentProto			1	UsefulSeeder	Industrialised-direct	exported-and-current	Reusable stock is present in the maintained component export.	MudSharp.GameItems.Components.ElectricGridCreatorGameItemComponent	yes	yes	yes	yes	yes	yes	yes
ElectricGridFeeder	Modern	electricgridfeeder	electricgridfeeder	yes	MudSharp.GameItems.Prototypes.ElectricGridFeederGameItemComponentProto			1	UsefulSeeder	Industrialised-direct	exported-and-current	Reusable stock is present in the maintained component export.	MudSharp.GameItems.Components.ElectricGridFeederGameItemComponent	yes	yes	yes	yes	yes	yes	yes
ElectricGridOutlet	Modern	electricgridoutlet	electricgridoutlet	yes	MudSharp.GameItems.Prototypes.ElectricGridOutletGameItemComponentProto			3	UsefulSeeder	Industrialised-direct	exported-and-current	Reusable stock is present in the maintained component export.	MudSharp.GameItems.Components.ElectricGridOutletGameItemComponent	yes	yes	yes	yes	yes	yes	yes
ElectricHeaterCooler	Modern	electricheatercooler	electric heater cooler; electricheatercooler	yes	MudSharp.GameItems.Prototypes.ElectricHeaterCoolerGameItemComponentProto			4	UsefulSeeder	Industrialised-direct	exported-and-current	Reusable stock is present in the maintained component export.	MudSharp.GameItems.Components.ElectricHeaterCoolerGameItemComponent	yes	yes	yes	yes	yes	yes	yes
ElectricLight	Modern	electric light	electric light; electric_light; electriclight; elight	yes	MudSharp.GameItems.Prototypes.ElectricLightGameItemComponentProto	IProduceLight		4	UsefulSeeder	Industrialised-direct	exported-and-current	Reusable stock is present in the maintained component export.	MudSharp.GameItems.Components.ElectricLightGameItemComponent	yes	yes	yes	yes	yes	yes	yes
Electronic Door	Modern	electronicdoor	electronic door; electronicdoor	yes	MudSharp.GameItems.Prototypes.ElectronicDoorGameItemComponentProto	IDoor; ILockable; IOpenable		1	UsefulSeeder	Industrialised-direct	exported-and-current	Reusable stock is present in the maintained component export.	MudSharp.GameItems.Components.ElectronicDoorGameItemComponent	yes	yes	yes	yes	yes	yes	yes
Electronic Lock	Modern	electroniclock	electronic lock; electroniclock	yes	MudSharp.GameItems.Prototypes.ElectronicLockGameItemComponentProto	ILock		1	UsefulSeeder	Industrialised-direct	exported-and-current	Reusable stock is present in the maintained component export.	MudSharp.GameItems.Components.ElectronicLockGameItemComponent	yes	yes	yes	yes	yes	yes	yes
ExternalInhaler	Modern	externalinhaler	externalinhaler	yes	MudSharp.GameItems.Prototypes.ExternalInhalerGameItemComponentProto	IPuffable		1	UsefulSeeder	Industrialised-direct	exported-and-current	Reusable stock is present in the maintained component export.	MudSharp.GameItems.Components.ExternalInhalerGameItemComponent	yes	yes	yes	yes	yes	yes	yes
ExternalOrgan	Modern	externalorgan	cpbm; externalorgan	yes	MudSharp.GameItems.Prototypes.ExternalOrganGameItemComponentProto	IExternalBloodOxygenator; IExternalOrganFunction		2	UsefulSeeder	Industrialised-direct	exported-and-current	Reusable stock is present in the maintained component export.	MudSharp.GameItems.Components.ExternalOrganGameItemComponent	yes	yes	yes	yes	yes	yes	yes
FaxMachine	Modern	faxmachine	faxmachine	yes	MudSharp.GameItems.Prototypes.FaxMachineGameItemComponentProto	IContainer; IFaxMachine; ILockable; IOpenable; IReceive; ITelephone; ITransmit		0	UsefulSeeder	Industrialised-direct	dependency-bound	Requires finished-item or world-specific references; do not seed placeholder IDs.	MudSharp.GameItems.Components.FaxMachineGameItemComponent	yes	yes	yes	yes	yes	yes	yes
File Signal Generator	Modern	filesignalgenerator	file signal generator; filesignalgenerator	yes	MudSharp.GameItems.Prototypes.FileSignalGeneratorGameItemComponentProto	IFileSignalGenerator		1	UsefulSeeder	Industrialised-direct	exported-and-current	Reusable stock is present in the maintained component export.	MudSharp.GameItems.Components.FileSignalGeneratorGameItemComponent	yes	yes	yes	yes	yes	yes	yes
FirearmAttachment	Modern	firearmattachment	firearm attachment; firearmattachment	yes	MudSharp.GameItems.Prototypes.FirearmAttachmentGameItemComponentProto	IFirearmAttachment	[context-dependent]	7	UsefulSeeder	Industrialised-direct	exported-and-current	Reusable stock is present in the maintained component export.	MudSharp.GameItems.Components.FirearmAttachmentGameItemComponent	yes	yes	yes	yes	yes	yes	yes
Flare	Modern	flare	flare	yes	MudSharp.GameItems.Prototypes.FlareGameItemComponentProto	ILightable; IProduceLight		1	CombatSeeder	Industrialised-direct	exported-and-current	Reusable stock is present in the maintained component export.	MudSharp.GameItems.Components.FlareGameItemComponent	yes	yes	yes	yes	yes	yes	yes
FlareAmmunition	Modern	flareammunition	flareammunition	yes	MudSharp.GameItems.Prototypes.FlareAmmunitionGameItemComponentProto	IAmmo		1	CombatSeeder	Industrialised-direct	exported-and-current	Reusable stock is present in the maintained component export.	MudSharp.GameItems.Components.FlareAmmunitionGameItemComponent	yes	yes	yes	yes	yes	yes	yes
Food	General	food	food	yes	MudSharp.GameItems.Prototypes.FoodGameItemComponentProto	IEdible		0	UsefulSeeder	General-shared	honest-alternate-satisfied	Existing reusable profiles cover the near-term semantic requirement.	MudSharp.GameItems.Components.FoodGameItemComponent	yes	yes	yes	yes	yes	yes	yes
Fuel Generator	Modern	fuel generator	fgen; fgenerator; fuel generator; fuel_gen; fuel_generator; fuelgen; fuelgenerator	yes	MudSharp.GameItems.Prototypes.FuelGeneratorGameItemComponentProto	ILiquidContainer; ILockable; IOpenable		18	UsefulSeeder	Industrialised-direct	exported-and-current	Reusable stock is present in the maintained component export.	MudSharp.GameItems.Components.FuelGeneratorGameItemComponent	yes	yes	yes	yes	yes	yes	yes
FuelHeaterCooler	Modern	fuelheatercooler	fuel heater cooler; fuelheatercooler	yes	MudSharp.GameItems.Prototypes.FuelHeaterCoolerGameItemComponentProto			36	UsefulSeeder	Industrialised-direct	exported-and-current	Reusable stock is present in the maintained component export.	MudSharp.GameItems.Components.FuelHeaterCoolerGameItemComponent	yes	yes	yes	yes	yes	yes	yes
Fuse	General	fuse	fuse	yes	MudSharp.GameItems.Prototypes.FuseGameItemComponentProto	ILightable		0	UsefulSeeder	General-shared	honest-alternate-satisfied	Existing reusable profiles cover the near-term semantic requirement.	MudSharp.GameItems.Components.FuseGameItemComponent	yes	yes	yes	yes	yes	yes	yes
Gag	General	gag	gag	yes	MudSharp.GameItems.Prototypes.GagGameItemComponentProto	IGag		1	UsefulSeeder	General-shared	exported-and-current	Reusable stock is present in the maintained component export.	MudSharp.GameItems.Components.GagGameItemComponent	yes	yes	yes	yes	yes	yes	yes
GasContainer	Modern	gascontainer	gascontainer	yes	MudSharp.GameItems.Prototypes.GasContainerGameItemComponentProto	IGasContainer; IGasSupply		3	UsefulSeeder	Industrialised-direct	exported-and-current	Reusable stock is present in the maintained component export.	MudSharp.GameItems.Components.GasContainerGameItemComponent	yes	yes	yes	yes	yes	yes	yes
Glasses	General	glasses	glasses	yes	MudSharp.GameItems.Prototypes.GlassesGameItemComponentProto	ICorrectMyopia		1	UsefulSeeder	General-shared	exported-and-current	Reusable stock is present in the maintained component export.	MudSharp.GameItems.Components.GlassesGameItemComponent	yes	yes	yes	yes	yes	yes	yes
GridLiquidSource	General	gridliquidsource	gridliquidsource	yes	MudSharp.GameItems.Prototypes.GridLiquidSourceGameItemComponentProto	ILiquidContainer; IOpenable		1	UsefulSeeder	General-shared	exported-and-current	Reusable stock is present in the maintained component export.	MudSharp.GameItems.Components.GridLiquidSourceGameItemComponent	yes	yes	yes	yes	yes	yes	yes
GridPowerSupply	Modern	gridpowersupply	gridpowersupply	yes	MudSharp.GameItems.Prototypes.GridPowerSupplyGameItemComponentProto			2	UsefulSeeder	Industrialised-direct	exported-and-current	Reusable stock is present in the maintained component export.	MudSharp.GameItems.Components.GridPowerSupplyGameItemComponent	yes	yes	yes	yes	yes	yes	yes
Gun	Modern	gun	gun	yes	MudSharp.GameItems.Prototypes.GunGameItemComponentProto	IFirearm; IFirearmAttachmentHost; IMeleeWeapon; IRangedWeapon; IRangedWeaponPlatform; IWieldable		7	UsefulSeeder	Industrialised-direct	exported-and-current	Reusable stock is present in the maintained component export.	MudSharp.GameItems.Components.GunGameItemComponent	yes	yes	yes	yes	yes	yes	yes
HandheldRadio	Modern	handheldradio	handheld; handheld radio; handheldradio; two way; two way radio; twoway; twoway radio; walkie talkie; walkietalkie	yes	MudSharp.GameItems.Prototypes.HandheldRadioGameItemComponentProto	IReceive; ITransmit		1	UsefulSeeder	Industrialised-direct	exported-and-current	Reusable stock is present in the maintained component export.	MudSharp.GameItems.Components.HandheldRadioGameItemComponent	yes	yes	yes	yes	yes	yes	yes
HandTool	General	handtool	handtool	yes	MudSharp.GameItems.Prototypes.HandToolGameItemComponentProto	IToolItem		22	UsefulSeeder	General-shared	exported-and-current	Reusable stock is present in the maintained component export.	MudSharp.GameItems.Components.HandToolGameItemComponent	yes	yes	yes	yes	yes	yes	yes
HitchGear	General	hitchgear	hitchgear	yes	MudSharp.GameItems.Prototypes.HitchGearGameItemComponentProto	IDragAid; IHitchGear		11	UsefulSeeder	General-shared	exported-and-current	Reusable stock is present in the maintained component export.	MudSharp.GameItems.Components.HitchGearGameItemComponent	yes	yes	yes	yes	yes	yes	yes
Holdable	General			yes	MudSharp.GameItems.Prototypes.HoldableGameItemComponentProto	IHoldable		1	UsefulSeeder	General-shared	exported-and-current	Reusable stock is present in the maintained component export.	MudSharp.GameItems.Components.HoldableGameItemComponent	yes	yes	yes	yes	yes	yes	yes
IdentityObscurer	General	identityobscurer	identityobscurer	yes	MudSharp.GameItems.Prototypes.IdentityObscurerGameItemComponentProto	IObscureCharacteristics; IObscureIdentity		3	UsefulSeeder	General-shared	exported-and-current	Reusable stock is present in the maintained component export.	MudSharp.GameItems.Components.IdentityObscurerGameItemComponent	yes	yes	yes	yes	yes	yes	yes
Immobilising	General	immobilising	cast; immobilising; sling	yes	MudSharp.GameItems.Prototypes.ImmobilisingGameItemComponentProto	IImmobilise; IWearable		1	UsefulSeeder	General-shared	exported-and-current	Reusable stock is present in the maintained component export.	MudSharp.GameItems.Components.ImmobilisingGameItemComponent	yes	yes	yes	yes	yes	yes	yes
ImpactDetonator	Modern	impactdetonator	impact detonator; impactdetonator	yes	MudSharp.GameItems.Prototypes.ImpactDetonatorGameItemComponentProto	IImpactDetonator	IDetonatable	1	UsefulSeeder	Industrialised-direct	exported-and-current	Reusable stock is present in the maintained component export.	MudSharp.GameItems.Components.ImpactDetonatorGameItemComponent	yes	yes	yes	yes	yes	yes	yes
Implant A/V Recorder	General	implantavrecorder	implant recorder; implantavrecorder	yes	MudSharp.GameItems.Prototypes.ImplantAVRecorderGameItemComponentProto	IDigitalMediaRecorder; IImplant; IImplantAVRecorder; IImplantComputerPeripheral; IImplantReportStatus; IImplantRespondToCommands; IMediaCaptureSource; IMediaDeck		0	UsefulSeeder	Futuristic	future-deferred	Inventoried for completeness; no speculative later-era stock in this tranche.	MudSharp.GameItems.Components.ImplantAVRecorderGameItemComponent	yes	yes	yes	yes	yes	yes	yes
Implant Computer Host	General	implantcomputerhost	implant computer host; implantcomputerhost	yes	MudSharp.GameItems.Prototypes.ImplantComputerHostGameItemComponentProto	IImplant; IImplantComputerHost; IImplantReportStatus; IImplantRespondToCommands		0	UsefulSeeder	Futuristic	future-deferred	Inventoried for completeness; no speculative later-era stock in this tranche.	MudSharp.GameItems.Components.ImplantComputerHostGameItemComponent	yes	yes	yes	yes	yes	yes	yes
Implant Computer Storage	General	implantcomputerstorage	implant hard drive; implantcomputerstorage	yes	MudSharp.GameItems.Prototypes.ImplantComputerStorageGameItemComponentProto	IImplant; IImplantComputerPeripheral; IImplantComputerStorage; IImplantReportStatus; IImplantRespondToCommands		0	UsefulSeeder	Futuristic	future-deferred	Inventoried for completeness; no speculative later-era stock in this tranche.	MudSharp.GameItems.Components.ImplantComputerStorageGameItemComponent	yes	yes	yes	yes	yes	yes	yes
Implant Computer Terminal	General	implantcomputerterminal	implant terminal; implantcomputerterminal	yes	MudSharp.GameItems.Prototypes.ImplantComputerTerminalGameItemComponentProto	IImplant; IImplantComputerPeripheral; IImplantComputerTerminal; IImplantReportStatus; IImplantRespondToCommands		0	UsefulSeeder	Futuristic	future-deferred	Inventoried for completeness; no speculative later-era stock in this tranche.	MudSharp.GameItems.Components.ImplantComputerTerminalGameItemComponent	yes	yes	yes	yes	yes	yes	yes
ImplantBase	Futuristic	implant	implant	yes	MudSharp.GameItems.Prototypes.ImplantBaseGameItemComponentProto	IImplant		0	UsefulSeeder	Futuristic	future-deferred	Inventoried for completeness; no speculative later-era stock in this tranche.	MudSharp.GameItems.Components.ImplantBaseGameItemComponent	yes	yes	yes	yes	yes	yes	yes
ImplantContainer	Futuristic	implantcontainer	implantcontainer	yes	MudSharp.GameItems.Prototypes.ImplantContainerGameItemComponentProto	IContainer; IImplant; IImplantReportStatus; ILockable; IOpenable		0	UsefulSeeder	Futuristic	future-deferred	Inventoried for completeness; no speculative later-era stock in this tranche.	MudSharp.GameItems.Components.ImplantContainerGameItemComponent	yes	yes	yes	yes	yes	yes	yes
ImplantLiquidContainer	Futuristic	implantliquidcontainer	implantliquidcontainer	yes	MudSharp.GameItems.Prototypes.ImplantLiquidContainerGameItemComponentProto	IImplant; IImplantReportStatus; ILiquidContainer; ILockable; IOpenable		0	UsefulSeeder	Futuristic	future-deferred	Inventoried for completeness; no speculative later-era stock in this tranche.	MudSharp.GameItems.Components.ImplantLiquidContainerGameItemComponent	yes	yes	yes	yes	yes	yes	yes
ImplantOrgan	Futuristic	implantorgan	implantorgan	yes	MudSharp.GameItems.Prototypes.ImplantOrganGameItemComponentProto	IImplant; IImplantReportStatus; IOrganImplant		0	UsefulSeeder	Futuristic	future-deferred	Inventoried for completeness; no speculative later-era stock in this tranche.	MudSharp.GameItems.Components.ImplantOrganGameItemComponent	yes	yes	yes	yes	yes	yes	yes
ImplantPowerPlant	Futuristic	implantpowerplant	implantpowerplant	yes	MudSharp.GameItems.Prototypes.ImplantPowerPlantGameItemComponentProto	IImplant; IImplantPowerPlant; IImplantReportStatus; IImplantRespondToCommands		0	UsefulSeeder	Futuristic	future-deferred	Inventoried for completeness; no speculative later-era stock in this tranche.	MudSharp.GameItems.Components.ImplantPowerPlantGameItemComponent	yes	yes	yes	yes	yes	yes	yes
ImplantPowerRouter	Futuristic	implantpowerrouter	implantpowerrouter	yes	MudSharp.GameItems.Prototypes.ImplantPowerRouterGameItemComponentProto	IImplant; IImplantPowerPlant; IImplantReportStatus		0	UsefulSeeder	Futuristic	future-deferred	Inventoried for completeness; no speculative later-era stock in this tranche.	MudSharp.GameItems.Components.ImplantPowerRouterGameItemComponent	yes	yes	yes	yes	yes	yes	yes
ImplantPowerSupply	Futuristic	implantpowersupply	implantpowersupply	yes	MudSharp.GameItems.Prototypes.ImplantPowerSupplyGameItemComponentProto	IImplantPowerSupply		0	UsefulSeeder	Futuristic	future-deferred	Inventoried for completeness; no speculative later-era stock in this tranche.	MudSharp.GameItems.Components.ImplantPowerSupplyGameItemComponent	yes	yes	yes	yes	yes	yes	yes
ImplantRadio	Futuristic	implantradio	implantradio	yes	MudSharp.GameItems.Prototypes.ImplantRadioGameItemComponentProto	IImplant; IImplantReportStatus; IImplantRespondToCommands; IReceive; ITransmit		0	UsefulSeeder	Futuristic	future-deferred	Inventoried for completeness; no speculative later-era stock in this tranche.	MudSharp.GameItems.Components.ImplantRadioGameItemComponent	yes	yes	yes	yes	yes	yes	yes
ImplantRefrigerator	Futuristic	implantrefrigerator	implantfridge; implantrefrigerator	yes	MudSharp.GameItems.Prototypes.ImplantRefrigeratorGameItemComponentProto	IContainer; IImplant; IImplantReportStatus; ILockable; IOpenable		0	UsefulSeeder	Futuristic	future-deferred	Inventoried for completeness; no speculative later-era stock in this tranche.	MudSharp.GameItems.Components.ImplantRefrigeratorGameItemComponent	yes	yes	yes	yes	yes	yes	yes
ImplantTelephone	Futuristic	implanttelephone	implant telephone; implanttelephone; telephoneimplant	yes	MudSharp.GameItems.Prototypes.ImplantTelephoneGameItemComponentProto	IImplant; IImplantReportStatus; IImplantRespondToCommands; IReceive; ITelephone; ITransmit		0	UsefulSeeder	Futuristic	future-deferred	Inventoried for completeness; no speculative later-era stock in this tranche.	MudSharp.GameItems.Components.ImplantTelephoneGameItemComponent	yes	yes	yes	yes	yes	yes	yes
ImplantTraitChanger	Futuristic	implanttraitchanger	implanttraitchanger	yes	MudSharp.GameItems.Prototypes.ImplantTraitChangerGameItemComponentProto	IImplant; IImplantTraitChange		0	UsefulSeeder	Futuristic	future-deferred	Inventoried for completeness; no speculative later-era stock in this tranche.	MudSharp.GameItems.Components.ImplantTraitChangerGameItemComponent	yes	yes	yes	yes	yes	yes	yes
IncenseBurner	General	incenseburner	incense burner; incenseburner	yes	MudSharp.GameItems.Prototypes.IncenseBurnerGameItemComponentProto	IContainer; IIncenseBurner; ILightable		4	UsefulSeeder	General-shared	exported-and-current	Reusable stock is present in the maintained component export.	MudSharp.GameItems.Components.IncenseBurnerGameItemComponent	yes	yes	yes	yes	yes	yes	yes
InhalerGasCanister	Modern	inhalergascanister	inhalergascanister	yes	MudSharp.GameItems.Prototypes.InhalerGasCanisterGameItemComponentProto			2	UsefulSeeder	Industrialised-direct	exported-and-current	Reusable stock is present in the maintained component export.	MudSharp.GameItems.Components.InhalerGasCanisterGameItemComponent	yes	yes	yes	yes	yes	yes	yes
InscribableSurface	General	inscribablesurface	inscribable surface; inscribablesurface; writing surface	yes	MudSharp.GameItems.Prototypes.InscribableSurfaceGameItemComponentProto	IReadable; IWriteable		10	UsefulSeeder	General-shared	exported-and-current	Reusable stock is present in the maintained component export.	MudSharp.GameItems.Components.InscribableSurfaceGameItemComponent	yes	yes	yes	yes	yes	yes	yes
Instrument	General	instrument	instrument	yes	MudSharp.GameItems.Prototypes.InstrumentGameItemComponentProto	IInstrument		9	UsefulSeeder	General-shared	exported-and-current	Reusable stock is present in the maintained component export.	MudSharp.GameItems.Components.InstrumentGameItemComponent	yes	yes	yes	yes	yes	yes	yes
IntegratedInhaler	Modern	integratedinhaler	integratedinhaler	yes	MudSharp.GameItems.Prototypes.IntegratedInhalerGameItemComponentProto	IPuffable		1	UsefulSeeder	Industrialised-direct	exported-and-current	Reusable stock is present in the maintained component export.	MudSharp.GameItems.Components.IntegratedInhalerGameItemComponent	yes	yes	yes	yes	yes	yes	yes
InternalMagazineGun	Modern	internalmagazinegun	imgun; internal mag gun; internal magazine gun; internal_magazine_gun; internalmagazinegun; internalmaggun	yes	MudSharp.GameItems.Prototypes.InternalMagazineGunGameItemComponentProto	IFirearm; IFirearmAttachmentHost; IMeleeWeapon; IRangedWeapon; IRangedWeaponPlatform; IWieldable		2	UsefulSeeder	Industrialised-direct	exported-and-current	Reusable stock is present in the maintained component export.	MudSharp.GameItems.Components.InternalMagazineGunGameItemComponent	yes	yes	yes	yes	yes	yes	yes
IVBag	Modern	ivbag	ivbag	yes	MudSharp.GameItems.Prototypes.IVBagGameItemComponentProto	ILiquidContainer; IOpenable		3	UsefulSeeder	Industrialised-direct	exported-and-current	Reusable stock is present in the maintained component export.	MudSharp.GameItems.Components.IVBagGameItemComponent	yes	yes	yes	yes	yes	yes	yes
Keycard	General	keycard	keycard	yes	MudSharp.GameItems.Prototypes.KeycardGameItemComponentProto	IKeycard		1	UsefulSeeder	General-shared	exported-and-current	Reusable stock is present in the maintained component export.	MudSharp.GameItems.Components.KeycardGameItemComponent	yes	yes	yes	yes	yes	yes	yes
KeycardScanner	General	keycardscanner	keycardscanner	yes	MudSharp.GameItems.Prototypes.KeycardScannerGameItemComponentProto	IAccessControlReader; IAutomationMountable; IKeycardScanner		1	UsefulSeeder	General-shared	exported-and-current	Reusable stock is present in the maintained component export.	MudSharp.GameItems.Components.KeycardScannerGameItemComponent	yes	yes	yes	yes	yes	yes	yes
KeycardWriter	General	keycardwriter	keycardwriter	yes	MudSharp.GameItems.Prototypes.KeycardWriterGameItemComponentProto	IAutomationMountable; IKeycardWriter		1	UsefulSeeder	General-shared	exported-and-current	Reusable stock is present in the maintained component export.	MudSharp.GameItems.Components.KeycardWriterGameItemComponent	yes	yes	yes	yes	yes	yes	yes
Keypad	Modern	keypad	keypad	yes	MudSharp.GameItems.Prototypes.KeypadGameItemComponentProto	IAccessControlReader; IAutomationMountable; IKeypad; ISelectable		2	UsefulSeeder	Industrialised-direct	exported-and-current	Reusable stock is present in the maintained component export.	MudSharp.GameItems.Components.KeypadGameItemComponent	yes	yes	yes	yes	yes	yes	yes
Keyring	General	keyring	keyring	yes	MudSharp.GameItems.Prototypes.KeyringGameItemComponentProto	IContainer; IKey; IKeyring		2	UsefulSeeder	General-shared	exported-and-current	Reusable stock is present in the maintained component export.	MudSharp.GameItems.Components.KeyringGameItemComponent	yes	yes	yes	yes	yes	yes	yes
Lantern	General	lantern	lantern	yes	MudSharp.GameItems.Prototypes.LanternGameItemComponentProto	ILightable; ILiquidContainer; ILockable; IOpenable; IProduceLight		1	UsefulSeeder	General-shared	exported-and-current	Reusable stock is present in the maintained component export.	MudSharp.GameItems.Components.LanternGameItemComponent	yes	yes	yes	yes	yes	yes	yes
Laser	Futuristic	laser	laser	yes	MudSharp.GameItems.Prototypes.LaserGameItemComponentProto	IMeleeWeapon; IRangedWeapon; IRangedWeaponPlatform; IWieldable		0	UsefulSeeder	Futuristic	future-deferred	Inventoried for completeness; no speculative later-era stock in this tranche.	MudSharp.GameItems.Components.LaserGameItemComponent	yes	yes	yes	yes	yes	yes	yes
Latch	General	latch	latch	yes	MudSharp.GameItems.Prototypes.LatchGameItemComponentProto	ILock		13	UsefulSeeder	General-shared	exported-and-current	Reusable stock is present in the maintained component export.	MudSharp.GameItems.Components.LatchGameItemComponent	yes	yes	yes	yes	yes	yes	yes
Light Sensor	Modern	lightsensor	light sensor; lightsensor	yes	MudSharp.GameItems.Prototypes.LightSensorGameItemComponentProto			1	UsefulSeeder	Industrialised-direct	exported-and-current	Reusable stock is present in the maintained component export.	MudSharp.GameItems.Components.LightSensorGameItemComponent	yes	yes	yes	yes	yes	yes	yes
Liquid Container	General	liquidcontainer	lcon; lcontainer; liquid container; liquidcontainer	yes	MudSharp.GameItems.Prototypes.LiquidContainerGameItemComponentProto	ILiquidContainer; ILockable; IOpenable		87	UsefulSeeder	General-shared	exported-and-current	Reusable stock is present in the maintained component export.	MudSharp.GameItems.Components.LiquidContainerGameItemComponent	yes	yes	yes	yes	yes	yes	yes
LiquidConsumingProp	Modern	liquidconsumingprop	liquidconsumingprop	yes	MudSharp.GameItems.Prototypes.LiquidConsumingPropGameItemComponentProto	ILiquidContainer; IOpenable		2	UsefulSeeder	Industrialised-direct	exported-and-current	Reusable stock is present in the maintained component export.	MudSharp.GameItems.Components.LiquidConsumingPropGameItemComponent	yes	yes	yes	yes	yes	yes	yes
LiquidGridCreator	General	liquidgridcreator	liquidgridcreator	yes	MudSharp.GameItems.Prototypes.LiquidGridCreatorGameItemComponentProto			1	UsefulSeeder	General-shared	exported-and-current	Reusable stock is present in the maintained component export.	MudSharp.GameItems.Components.LiquidGridCreatorGameItemComponent	yes	yes	yes	yes	yes	yes	yes
LiquidGridSupplier	General	liquidgridsupplier	liquidgridsupplier	yes	MudSharp.GameItems.Prototypes.LiquidGridSupplierGameItemComponentProto	ILiquidGridSupplier		1	UsefulSeeder	General-shared	exported-and-current	Reusable stock is present in the maintained component export.	MudSharp.GameItems.Components.LiquidGridSupplierGameItemComponent	yes	yes	yes	yes	yes	yes	yes
LiquidPump	General	liquidpump	liquidpump	yes	MudSharp.GameItems.Prototypes.LiquidPumpGameItemComponentProto			2	UsefulSeeder	General-shared	exported-and-current	Reusable stock is present in the maintained component export.	MudSharp.GameItems.Components.LiquidPumpGameItemComponent	yes	yes	yes	yes	yes	yes	yes
ListeningBug	Modern	listeningbug	listeningbug	yes	MudSharp.GameItems.Prototypes.ListeningBugGameItemComponentProto	ITransmit		1	UsefulSeeder	Industrialised-direct	exported-and-current	Reusable stock is present in the maintained component export.	MudSharp.GameItems.Components.ListeningBugGameItemComponent	yes	yes	yes	yes	yes	yes	yes
LockingCashRegister	Modern	lockingcashregister	lockingcashregister	yes	MudSharp.GameItems.Prototypes.LockingCashRegisterGameItemComponentProto	IContainer; ILock; ILockable; IOpenable; ISelectable		1	UsefulSeeder	Industrialised-direct	exported-and-current	Reusable stock is present in the maintained component export.	MudSharp.GameItems.Components.LockingCashRegisterGameItemComponent	yes	yes	yes	yes	yes	yes	yes
LockingContainer	General	lockingcontainer	lockingcontainer	yes	MudSharp.GameItems.Prototypes.LockingContainerGameItemComponentProto	IContainer; ILock; ILockable; IOpenable		8	UsefulSeeder	General-shared	exported-and-current	Reusable stock is present in the maintained component export.	MudSharp.GameItems.Components.LockingContainerGameItemComponent	yes	yes	yes	yes	yes	yes	yes
LockingDoor	General	lockingdoor	lockingdoor	yes	MudSharp.GameItems.Prototypes.LockingDoorGameItemComponentProto	IDoor; ILock; ILockable; IOpenable		117	UsefulSeeder	General-shared	exported-and-current	Reusable stock is present in the maintained component export.	MudSharp.GameItems.Components.LockingDoorGameItemComponent	yes	yes	yes	yes	yes	yes	yes
Locksmithing Tool	General	locksmithing	locksmith; locksmithing; locksmithing tools; locksmithingtools	yes	MudSharp.GameItems.Prototypes.LocksmithingGameItemComponentProto	ILocksmithingTool		5	UsefulSeeder	General-shared	exported-and-current	Reusable stock is present in the maintained component export.	MudSharp.GameItems.Components.LocksmithingGameItemComponent	yes	yes	yes	yes	yes	yes	yes
MarketGoodWeight	General	marketgoodweight	marketgoodweight	yes	MudSharp.GameItems.Prototypes.MarketGoodWeightGameItemComponentProto	IMarketGoodWeightItem		3	UsefulSeeder	General-shared	exported-and-current	Reusable stock is present in the maintained component export.	MudSharp.GameItems.Components.MarketGoodWeightGameItemComponent	yes	yes	yes	yes	yes	yes	yes
MeasuringInstrument	General	measuringinstrument	measuringinstrument	yes	MudSharp.GameItems.Prototypes.MeasuringInstrumentGameItemComponentProto	IMeasuringInstrument		7	UsefulSeeder	General-shared	exported-and-current	Reusable stock is present in the maintained component export.	MudSharp.GameItems.Components.MeasuringInstrumentGameItemComponent	yes	yes	yes	yes	yes	yes	yes
Media Cable	Modern	mediacable	media cable; mediacable	yes	MudSharp.GameItems.Prototypes.MediaCableGameItemComponentProto			1	UsefulSeeder	Industrialised-direct	exported-and-current	Reusable stock is present in the maintained component export.	MudSharp.GameItems.Components.MediaCableGameItemComponent	yes	yes	yes	yes	yes	yes	yes
Media Deck	Modern	mediadeck	deck; media deck; mediadeck	yes	MudSharp.GameItems.Prototypes.MediaDeckGameItemComponentProto	IMediaDeck		2	UsefulSeeder	Industrialised-direct	exported-and-current	Reusable stock is present in the maintained component export.	MudSharp.GameItems.Components.MediaDeckGameItemComponent	yes	yes	yes	yes	yes	yes	yes
Media Monitor	Modern	mediamonitor	media monitor; mediamonitor; monitor	yes	MudSharp.GameItems.Prototypes.MediaMonitorGameItemComponentProto	IMediaMonitor		1	UsefulSeeder	Industrialised-direct	exported-and-current	Reusable stock is present in the maintained component export.	MudSharp.GameItems.Components.MediaMonitorGameItemComponent	yes	yes	yes	yes	yes	yes	yes
Media Speaker	Modern	mediaspeaker	media speaker; mediaspeaker; speaker	yes	MudSharp.GameItems.Prototypes.MediaSpeakerGameItemComponentProto			1	UsefulSeeder	Industrialised-direct	exported-and-current	Reusable stock is present in the maintained component export.	MudSharp.GameItems.Components.MediaSpeakerGameItemComponent	yes	yes	yes	yes	yes	yes	yes
Media Splitter	Modern	mediasplitter	media splitter; mediasplitter	yes	MudSharp.GameItems.Prototypes.MediaSplitterGameItemComponentProto			1	UsefulSeeder	Industrialised-direct	exported-and-current	Reusable stock is present in the maintained component export.	MudSharp.GameItems.Components.MediaSplitterGameItemComponent	yes	yes	yes	yes	yes	yes	yes
Media Storage Medium	Modern	mediastoragemedium	media storage medium; mediastoragemedium; medium	yes	MudSharp.GameItems.Prototypes.MediaStorageMediumGameItemComponentProto	IMediaStorageMedium		2	UsefulSeeder	Industrialised-direct	exported-and-current	Reusable stock is present in the maintained component export.	MudSharp.GameItems.Components.MediaStorageMediumGameItemComponent	yes	yes	yes	yes	yes	yes	yes
MeleeWeapon	General	weapon	melee; melee weapon; meleeweapon; weapon	yes	MudSharp.GameItems.Prototypes.MeleeWeaponGameItemComponentProto	IMeleeWeapon; IWieldable		53	UsefulSeeder	General-shared	exported-and-current	Reusable stock is present in the maintained component export.	MudSharp.GameItems.Components.MeleeWeaponGameItemComponent	yes	yes	yes	yes	yes	yes	yes
Microcontroller	Modern	microcontroller	mcu; microcontroller	yes	MudSharp.GameItems.Prototypes.MicrocontrollerGameItemComponentProto	IAutomationMountable; IMicrocontroller; IRuntimeProgrammableMicrocontroller		1	UsefulSeeder	Industrialised-direct	exported-and-current	Reusable stock is present in the maintained component export.	MudSharp.GameItems.Components.MicrocontrollerGameItemComponent	yes	yes	yes	yes	yes	yes	yes
MilitaryStandard	General	militarystandard	military standard; militarystandard	yes	MudSharp.GameItems.Prototypes.MilitaryStandardGameItemComponentProto	IMilitaryStandard		6	UsefulSeeder	General-shared	exported-and-current	Reusable stock is present in the maintained component export.	MudSharp.GameItems.Components.MilitaryStandardGameItemComponent	yes	yes	yes	yes	yes	yes	yes
Motion Sensor	Modern	motionsensor	motion sensor; motionsensor	yes	MudSharp.GameItems.Prototypes.MotionSensorGameItemComponentProto			2	UsefulSeeder	Industrialised-direct	exported-and-current	Reusable stock is present in the maintained component export.	MudSharp.GameItems.Components.MotionSensorGameItemComponent	yes	yes	yes	yes	yes	yes	yes
Musket	General	musket	musket	yes	MudSharp.GameItems.Prototypes.MusketGameItemComponentProto	IBelt; IEmplaceableRangedWeapon; IJammableWeapon; IMeleeWeapon; IRangedWeapon; IRangedWeaponPlatform; IWieldable		44	UsefulSeeder	General-shared	exported-and-current	Reusable stock is present in the maintained component export.	MudSharp.GameItems.Components.MusketGameItemComponent	yes	yes	yes	yes	yes	yes	yes
MusketBall	General	musketball	musketball	yes	MudSharp.GameItems.Prototypes.MusketBallGameItemComponentProto	IAmmo		7	UsefulSeeder	General-shared	exported-and-current	Reusable stock is present in the maintained component export.	MudSharp.GameItems.Components.MusketBallGameItemComponent	yes	yes	yes	yes	yes	yes	yes
MusketCartridge	General	musketcartridge	musketcartridge	yes	MudSharp.GameItems.Prototypes.MusketCartridgeGameItemComponentProto	IAmmo; IMusketCartridge		18	UsefulSeeder	General-shared	exported-and-current	Reusable stock is present in the maintained component export.	MudSharp.GameItems.Components.MusketCartridgeGameItemComponent	yes	yes	yes	yes	yes	yes	yes
Network Adapter	Modern	networkadapter	network adapter; networkadapter	yes	MudSharp.GameItems.Prototypes.NetworkAdapterGameItemComponentProto			1	UsefulSeeder	Industrialised-direct	exported-and-current	Reusable stock is present in the maintained component export.	MudSharp.GameItems.Components.NetworkAdapterGameItemComponent	yes	yes	yes	yes	yes	yes	yes
Network Switch	Modern	networkswitch	network switch; networkswitch	yes	MudSharp.GameItems.Prototypes.NetworkSwitchGameItemComponentProto			2	UsefulSeeder	Industrialised-direct	exported-and-current	Reusable stock is present in the maintained component export.	MudSharp.GameItems.Components.NetworkSwitchGameItemComponent	yes	yes	yes	yes	yes	yes	yes
NeuralInterface	Futuristic	neuralinterface	neuralinterface	yes	MudSharp.GameItems.Prototypes.NeuralInterfaceGameItemComponentProto	IImplant; IImplantNeuralLink		0	UsefulSeeder	Futuristic	future-deferred	Inventoried for completeness; no speculative later-era stock in this tranche.	MudSharp.GameItems.Components.NeuralInterfaceGameItemComponent	yes	yes	yes	yes	yes	yes	yes
Obscurer	General	obscurer	obscurer	yes	MudSharp.GameItems.Prototypes.ObscurerGameItemComponentProto	IObscureCharacteristics		1	UsefulSeeder	General-shared	exported-and-current	Reusable stock is present in the maintained component export.	MudSharp.GameItems.Components.ObscurerGameItemComponent	yes	yes	yes	yes	yes	yes	yes
OfferingReceiver	General	offeringreceiver	offering receiver; offeringreceiver	yes	MudSharp.GameItems.Prototypes.OfferingReceiverGameItemComponentProto	IContainer; IOfferingReceiver		7	UsefulSeeder	General-shared	exported-and-current	Reusable stock is present in the maintained component export.	MudSharp.GameItems.Components.OfferingReceiverGameItemComponent	yes	yes	yes	yes	yes	yes	yes
Outboard Motor	Modern	outboard motor	outboard motor; outboardmotor	yes	MudSharp.GameItems.Prototypes.OutboardMotorGameItemComponentProto	IOutboardMotor		1	UsefulSeeder	Industrialised-direct	exported-and-current	Reusable stock is present in the maintained component export.	MudSharp.GameItems.Components.OutboardMotorGameItemComponent	yes	yes	yes	yes	yes	yes	yes
PaperSheet	General	papersheet	paper; paper sheet; papersheet; sheet	yes	MudSharp.GameItems.Prototypes.PaperSheetGameItemComponentProto	IReadable; IWriteable		14	UsefulSeeder	General-shared	exported-and-current	Reusable stock is present in the maintained component export.	MudSharp.GameItems.Components.PaperSheetGameItemComponent	yes	yes	yes	yes	yes	yes	yes
Pencil	General	pencil	pencil	yes	MudSharp.GameItems.Prototypes.PencilGameItemComponentProto	IWritingImplement		3	UsefulSeeder	General-shared	exported-and-current	Reusable stock is present in the maintained component export.	MudSharp.GameItems.Components.PencilGameItemComponent	yes	yes	yes	yes	yes	yes	yes
PencilSharpener	General	pencilsharpener	pencilsharpener	yes	MudSharp.GameItems.Prototypes.PencilSharpenerGameItemComponentProto	ISharpen		1	UsefulSeeder	General-shared	exported-and-current	Reusable stock is present in the maintained component export.	MudSharp.GameItems.Components.PencilSharpenerGameItemComponent	yes	yes	yes	yes	yes	yes	yes
Photocopier	Modern	photocopier	photocopier	yes	MudSharp.GameItems.Prototypes.PhotocopierGameItemComponentProto	IContainer; ILockable; IOpenable		0	UsefulSeeder	Industrialised-direct	dependency-bound	Requires finished-item or world-specific references; do not seed placeholder IDs.	MudSharp.GameItems.Components.PhotocopierGameItemComponent	yes	yes	yes	yes	yes	yes	yes
Pile	General			yes	MudSharp.GameItems.Prototypes.PileGameItemComponentProto	IContainer		1	UsefulSeeder	General-shared	exported-and-current	Reusable stock is present in the maintained component export.	MudSharp.GameItems.Components.PileGameItemComponent	yes	yes	yes	yes	yes	yes	yes
Pill	Modern	pill	pill	yes	MudSharp.GameItems.Prototypes.PillGameItemComponentProto	ISwallowable		37	UsefulSeeder	Industrialised-direct	exported-and-current	Reusable stock is present in the maintained component export.	MudSharp.GameItems.Components.PillGameItemComponent	yes	yes	yes	yes	yes	yes	yes
PinPullDetonator	Modern	pinpulldetonator	pin pull detonator; pinpulldetonator	yes	MudSharp.GameItems.Prototypes.PinPullDetonatorGameItemComponentProto	IPinPullExplosiveTrigger	IDetonatable	1	CombatSeeder	Industrialised-direct	exported-and-current	Reusable stock is present in the maintained component export.	MudSharp.GameItems.Components.PinPullDetonatorGameItemComponent	yes	yes	yes	yes	yes	yes	yes
PowerBank	Modern	powerbank	power bank; powerbank	yes	MudSharp.GameItems.Prototypes.PowerBankGameItemComponentProto			1	UsefulSeeder	Industrialised-direct	exported-and-current	Reusable stock is present in the maintained component export.	MudSharp.GameItems.Components.PowerBankGameItemComponent	yes	yes	yes	yes	yes	yes	yes
PoweredProp	Modern	poweredprop	poweredprop	yes	MudSharp.GameItems.Prototypes.PoweredPropGameItemComponentProto			2	UsefulSeeder	Industrialised-direct	exported-and-current	Reusable stock is present in the maintained component export.	MudSharp.GameItems.Components.PoweredPropGameItemComponent	yes	yes	yes	yes	yes	yes	yes
PowerPack	Futuristic	powerpack	powerpack	yes	MudSharp.GameItems.Prototypes.PowerPackGameItemComponentProto	ILaserPowerPack		0	UsefulSeeder	Futuristic	future-deferred	Inventoried for completeness; no speculative later-era stock in this tranche.	MudSharp.GameItems.Components.PowerPackGameItemComponent	yes	yes	yes	yes	yes	yes	yes
PowerSocket	Modern	powersocket	powersocket	yes	MudSharp.GameItems.Prototypes.PowerSocketGameItemComponentProto			3	UsefulSeeder	Industrialised-direct	exported-and-current	Reusable stock is present in the maintained component export.	MudSharp.GameItems.Components.PowerSocketGameItemComponent	yes	yes	yes	yes	yes	yes	yes
PowerSupply	Modern	powersupply	powersupply	yes	MudSharp.GameItems.Prototypes.PowerSupplyGameItemComponentProto			10	UsefulSeeder	Industrialised-direct	exported-and-current	Reusable stock is present in the maintained component export.	MudSharp.GameItems.Components.PowerSupplyGameItemComponent	yes	yes	yes	yes	yes	yes	yes
PowerTool	Modern	powertool	powertool	yes	MudSharp.GameItems.Prototypes.PowerToolGameItemComponentProto	IToolItem		3	UsefulSeeder	Industrialised-direct	exported-and-current	Reusable stock is present in the maintained component export.	MudSharp.GameItems.Components.PowerToolGameItemComponent	yes	yes	yes	yes	yes	yes	yes
PreparedFood	General	preparedfood	prepared food; preparedfood	yes	MudSharp.GameItems.Prototypes.PreparedFoodGameItemComponentProto	IEdible; IPreparedFood		2582	UsefulSeeder	General-shared	exported-and-current	Reusable stock is present in the maintained component export.	MudSharp.GameItems.Components.PreparedFoodGameItemComponent	yes	yes	yes	yes	yes	yes	yes
Prog Light	General	proglight	proglight	yes	MudSharp.GameItems.Prototypes.ProgLightGameItemComponentProto	ILightable; IProduceLight		0	Runtime	General-shared	system-or-context-owned	Do not expose as ordinary reusable catalogue stock.	MudSharp.GameItems.Components.ProgLightGameItemComponent	yes	yes	yes	yes	yes	yes	yes
Prog Lock	General	plock	plock; proglock	yes	MudSharp.GameItems.Prototypes.ProgLockGameItemComponentProto	ILock		0	Runtime	General-shared	system-or-context-owned	Do not expose as ordinary reusable catalogue stock.	MudSharp.GameItems.Components.ProgLockGameItemComponent	yes	yes	yes	yes	yes	yes	yes
ProgPowerSupply	Modern	progpowersupply	progpowersupply	yes	MudSharp.GameItems.Prototypes.ProgPowerSupplyGameItemComponentProto			0	Runtime	Industrialised-direct	system-or-context-owned	Do not expose as ordinary reusable catalogue stock.	MudSharp.GameItems.Components.ProgPowerSupplyGameItemComponent	yes	yes	yes	yes	yes	yes	yes
Prosthetic	General	prosthetic	prosthetic	yes	MudSharp.GameItems.Prototypes.ProstheticGameItemComponentProto	IProsthetic		25	UsefulSeeder	General-shared	exported-and-current	Reusable stock is present in the maintained component export.	MudSharp.GameItems.Components.ProstheticGameItemComponent	yes	yes	yes	yes	yes	yes	yes
Puddle	General			yes	MudSharp.GameItems.Prototypes.PuddleGameItemComponentProto	ILiquidContainer; IOpenable		0	Runtime	General-shared	system-or-context-owned	Do not expose as ordinary reusable catalogue stock.	MudSharp.GameItems.Components.PuddleGameItemComponent	yes	yes	yes	yes	yes	yes	yes
Push Button	Modern	pushbutton	push button; pushbutton	yes	MudSharp.GameItems.Prototypes.PushButtonGameItemComponentProto	ISelectable		1	UsefulSeeder	Industrialised-direct	exported-and-current	Reusable stock is present in the maintained component export.	MudSharp.GameItems.Components.PushButtonGameItemComponent	yes	yes	yes	yes	yes	yes	yes
Push To Talk Microphone	Modern	pttmicrophone	microphone; pttmicrophone; push to talk microphone	yes	MudSharp.GameItems.Prototypes.PushToTalkMicrophoneGameItemComponentProto	ITransmit		1	UsefulSeeder	Industrialised-direct	exported-and-current	Reusable stock is present in the maintained component export.	MudSharp.GameItems.Components.PushToTalkMicrophoneGameItemComponent	yes	yes	yes	yes	yes	yes	yes
RadioDetonator	Modern	radiodetonator	radiodetonator	yes	MudSharp.GameItems.Prototypes.RadioDetonatorGameItemComponentProto	IArmableExplosiveTrigger; IReceive; ISelectable	IDetonatable	1	CombatSeeder	Industrialised-direct	exported-and-current	Reusable stock is present in the maintained component export.	MudSharp.GameItems.Components.RadioDetonatorGameItemComponent	yes	yes	yes	yes	yes	yes	yes
RadioDetonatorTransmitter	Modern	radiodetonatortransmitter	radiodetonatortransmitter	yes	MudSharp.GameItems.Prototypes.RadioDetonatorTransmitterGameItemComponentProto	ISelectable		1	CombatSeeder	Industrialised-direct	exported-and-current	Reusable stock is present in the maintained component export.	MudSharp.GameItems.Components.RadioDetonatorTransmitterGameItemComponent	yes	yes	yes	yes	yes	yes	yes
Rain Sensor	Modern	rainsensor	rain sensor; rainsensor	yes	MudSharp.GameItems.Prototypes.RainSensorGameItemComponentProto			1	UsefulSeeder	Industrialised-direct	exported-and-current	Reusable stock is present in the maintained component export.	MudSharp.GameItems.Components.RainSensorGameItemComponent	yes	yes	yes	yes	yes	yes	yes
RcsThruster	Futuristic	rcsthruster	rcsthruster	yes	MudSharp.GameItems.Prototypes.RcsThrusterGameItemComponentProto	IZeroGravityPropulsion		1	UsefulSeeder	Futuristic	exported-and-current	Reusable stock is present in the maintained component export.	MudSharp.GameItems.Components.RcsThrusterGameItemComponent	yes	yes	yes	yes	yes	yes	yes
Rebreather	Modern	rebreather	rebreather	yes	MudSharp.GameItems.Prototypes.RebreatherGameItemComponentProto	IProvideGasForBreathing		2	UsefulSeeder	Industrialised-direct	exported-and-current	Reusable stock is present in the maintained component export.	MudSharp.GameItems.Components.RebreatherGameItemComponent	yes	yes	yes	yes	yes	yes	yes
Refrigerator	Modern	refrigerator	fridge; refrigerator	yes	MudSharp.GameItems.Prototypes.RefrigeratorGameItemComponentProto	IContainer; ILockable; IOpenable		2	UsefulSeeder	Industrialised-direct	exported-and-current	Reusable stock is present in the maintained component export.	MudSharp.GameItems.Components.RefrigeratorGameItemComponent	yes	yes	yes	yes	yes	yes	yes
Relay Switch	Modern	relayswitch	relay switch; relayswitch	yes	MudSharp.GameItems.Prototypes.RelaySwitchGameItemComponentProto			1	UsefulSeeder	Industrialised-direct	exported-and-current	Reusable stock is present in the maintained component export.	MudSharp.GameItems.Components.RelaySwitchGameItemComponent	yes	yes	yes	yes	yes	yes	yes
RepairKit	General	repairkit	repair kit; repair_kit; repairkit	yes	MudSharp.GameItems.Prototypes.RepairKitGameItemComponentProto	IRepairKit		66	UsefulSeeder	General-shared	exported-and-current	Reusable stock is present in the maintained component export.	MudSharp.GameItems.Components.RepairKitGameItemComponent	yes	yes	yes	yes	yes	yes	yes
Restraint	General	restraint	restraint	yes	MudSharp.GameItems.Prototypes.RestraintGameItemComponentProto	IRestraint		5	UsefulSeeder	General-shared	exported-and-current	Reusable stock is present in the maintained component export.	MudSharp.GameItems.Components.RestraintGameItemComponent	yes	yes	yes	yes	yes	yes	yes
RidingGear	General	ridinggear	ridinggear	yes	MudSharp.GameItems.Prototypes.RidingGearGameItemComponentProto	IRidingGear		9	UsefulSeeder	General-shared	exported-and-current	Reusable stock is present in the maintained component export.	MudSharp.GameItems.Components.RidingGearGameItemComponent	yes	yes	yes	yes	yes	yes	yes
Salvageable	General	salvageable	salvageable	yes	MudSharp.GameItems.Prototypes.SalvageableGameItemComponentProto	ISalvageable		0	UsefulSeeder	General-shared	dependency-bound	Requires concrete material or item outputs owned by the finished item; a generic empty profile would not be useful.	MudSharp.GameItems.Components.SalvageableGameItemComponent	yes	yes	yes	yes	yes	yes	yes
ScribingImplement	General	scribingimplement	scribing implement; scribingimplement	yes	MudSharp.GameItems.Prototypes.ScribingImplementGameItemComponentProto	IWritingImplement		12	UsefulSeeder	General-shared	exported-and-current	Reusable stock is present in the maintained component export.	MudSharp.GameItems.Components.ScribingImplementGameItemComponent	yes	yes	yes	yes	yes	yes	yes
Sealable	General	sealable	sealable	yes	MudSharp.GameItems.Prototypes.SealableGameItemComponentProto	ISealable		30	UsefulSeeder	General-shared	exported-and-current	Reusable stock is present in the maintained component export.	MudSharp.GameItems.Components.SealableGameItemComponent	yes	yes	yes	yes	yes	yes	yes
SealStamp	General	sealstamp	sealstamp	yes	MudSharp.GameItems.Prototypes.SealStampGameItemComponentProto	ISealStamp		8	UsefulSeeder	General-shared	exported-and-current	Reusable stock is present in the maintained component export.	MudSharp.GameItems.Components.SealStampGameItemComponent	yes	yes	yes	yes	yes	yes	yes
Selectable	General	selectable	selectable	yes	MudSharp.GameItems.Prototypes.SelectableGameItemComponentProto	ISelectable		0	UsefulSeeder	General-shared	honest-alternate-satisfied	Existing reusable profiles cover the near-term semantic requirement.	MudSharp.GameItems.Components.SelectableGameItemComponent	yes	yes	yes	yes	yes	yes	yes
Sheath	General	sheath	sheath	yes	MudSharp.GameItems.Prototypes.SheathGameItemComponentProto	IContainer; IMultiSlotSheath; ISheath		6	UsefulSeeder	General-shared	exported-and-current	Reusable stock is present in the maintained component export.	MudSharp.GameItems.Components.SheathGameItemComponent	yes	yes	yes	yes	yes	yes	yes
Shield	General	shield	shield	yes	MudSharp.GameItems.Prototypes.ShieldGameItemComponentProto	IMeleeWeapon; IShield; IWieldable		20	UsefulSeeder	General-shared	exported-and-current	Reusable stock is present in the maintained component export.	MudSharp.GameItems.Components.ShieldGameItemComponent	yes	yes	yes	yes	yes	yes	yes
ShopStall	General	shopstall	shopstall	yes	MudSharp.GameItems.Prototypes.ShopStallGameItemComponentProto	IContainer; ILock; ILockable; IOpenable; IShopStall		3	UsefulSeeder	General-shared	exported-and-current	Reusable stock is present in the maintained component export.	MudSharp.GameItems.Components.ShopStallGameItemComponent	yes	yes	yes	yes	yes	yes	yes
Signal Cable Segment	Modern	signalcable	cablesegment; signal cable; signalcable	yes	MudSharp.GameItems.Prototypes.SignalCableSegmentGameItemComponentProto	ISignalCableSegment		1	UsefulSeeder	Industrialised-direct	exported-and-current	Reusable stock is present in the maintained component export.	MudSharp.GameItems.Components.SignalCableSegmentGameItemComponent	yes	yes	yes	yes	yes	yes	yes
Signal Light	Modern	signallight	signal light; signallight	yes	MudSharp.GameItems.Prototypes.SignalLightGameItemComponentProto	ILightable; IProduceLight		2	UsefulSeeder	Industrialised-direct	exported-and-current	Reusable stock is present in the maintained component export.	MudSharp.GameItems.Components.SignalLightGameItemComponent	yes	yes	yes	yes	yes	yes	yes
SignalDetonator	Modern	signaldetonator	signal detonator; signaldetonator	yes	MudSharp.GameItems.Prototypes.SignalDetonatorGameItemComponentProto	IArmableExplosiveTrigger	IDetonatable	0	CombatSeeder	Industrialised-direct	dependency-bound	Requires a concrete signal-source component and endpoint; seed it with the finished explosive or automation graph.	MudSharp.GameItems.Components.SignalDetonatorGameItemComponent	yes	yes	yes	yes	yes	yes	yes
SignalInstrument	General	signalinstrument	signal instrument; signalinstrument	yes	MudSharp.GameItems.Prototypes.SignalInstrumentGameItemComponentProto	IInstrument; ISignalInstrument		4	UsefulSeeder	General-shared	exported-and-current	Reusable stock is present in the maintained component export.	MudSharp.GameItems.Components.SignalInstrumentGameItemComponent	yes	yes	yes	yes	yes	yes	yes
Simple Key	General	key	key	yes	MudSharp.GameItems.Prototypes.SimpleKeyGameItemComponentProto	IKey		1	UsefulSeeder	General-shared	exported-and-current	Reusable stock is present in the maintained component export.	MudSharp.GameItems.Components.SimpleKeyGameItemComponent	yes	yes	yes	yes	yes	yes	yes
Simple Lock	General	lock	lock	yes	MudSharp.GameItems.Prototypes.SimpleLockGameItemComponentProto	ILock		7	UsefulSeeder	General-shared	exported-and-current	Reusable stock is present in the maintained component export.	MudSharp.GameItems.Components.SimpleLockGameItemComponent	yes	yes	yes	yes	yes	yes	yes
Sling	General	sling	sling	yes	MudSharp.GameItems.Prototypes.SlingGameItemComponentProto	IRangedWeapon; IRangedWeaponPlatform; IRangedWeaponWithUnreadyEvent; IWieldable		2	UsefulSeeder	General-shared	exported-and-current	Reusable stock is present in the maintained component export.	MudSharp.GameItems.Components.SlingGameItemComponent	yes	yes	yes	yes	yes	yes	yes
Smokeable	General	smokeable	smokeable	yes	MudSharp.GameItems.Prototypes.SmokeableGameItemComponentProto	ILightable; ISmokeable		14	UsefulSeeder	General-shared	exported-and-current	Reusable stock is present in the maintained component export.	MudSharp.GameItems.Components.SmokeableGameItemComponent	yes	yes	yes	yes	yes	yes	yes
SolidFuelHeaterCooler	General	solidfuelheatercooler	solid fuel heater cooler; solidfuelheatercooler	yes	MudSharp.GameItems.Prototypes.SolidFuelHeaterCoolerGameItemComponentProto	IContainer		3	UsefulSeeder	General-shared	exported-and-current	Reusable stock is present in the maintained component export.	MudSharp.GameItems.Components.SolidFuelHeaterCoolerGameItemComponent	yes	yes	yes	yes	yes	yes	yes
Stable Ticket	General			yes	MudSharp.GameItems.Prototypes.StableTicketGameItemComponentProto	IStableTicket		0	Runtime	General-shared	system-or-context-owned	Do not expose as ordinary reusable catalogue stock.	MudSharp.GameItems.Components.StableTicketGameItemComponent	yes	yes	yes	yes	yes	yes	yes
Stackable	General	stackable	stackable	yes	MudSharp.GameItems.Prototypes.StackableGameItemComponentProto	IStackable		2	UsefulSeeder	General-shared	exported-and-current	Reusable stock is present in the maintained component export.	MudSharp.GameItems.Components.StackableGameItemComponent	yes	yes	yes	yes	yes	yes	yes
Syringe	Modern	syringe	syringe	yes	MudSharp.GameItems.Prototypes.SyringeGameItemComponentProto	IInject; ILiquidContainer; IOpenable		6	UsefulSeeder	Industrialised-direct	exported-and-current	Reusable stock is present in the maintained component export.	MudSharp.GameItems.Components.SyringeGameItemComponent	yes	yes	yes	yes	yes	yes	yes
Table	General	table	table	yes	MudSharp.GameItems.Prototypes.TableGameItemComponentProto	IFlip; IProvideCover; ITable		6	UsefulSeeder	General-shared	exported-and-current	Reusable stock is present in the maintained component export.	MudSharp.GameItems.Components.TableGameItemComponent	yes	yes	yes	yes	yes	yes	yes
TelecommunicationsGridCreator	Modern	telecommunicationsgridcreator	telecommunicationsgridcreator	yes	MudSharp.GameItems.Prototypes.TelecommunicationsGridCreatorGameItemComponentProto			1	UsefulSeeder	Industrialised-direct	exported-and-current	Reusable stock is present in the maintained component export.	MudSharp.GameItems.Components.TelecommunicationsGridCreatorGameItemComponent	yes	yes	yes	yes	yes	yes	yes
TelecommunicationsGridFeeder	Modern	telecommunicationsgridfeeder	telecommunications grid feeder; telecommunicationsgridfeeder	yes	MudSharp.GameItems.Prototypes.TelecommunicationsGridFeederGameItemComponentProto			1	UsefulSeeder	Industrialised-direct	exported-and-current	Reusable stock is present in the maintained component export.	MudSharp.GameItems.Components.TelecommunicationsGridFeederGameItemComponent	yes	yes	yes	yes	yes	yes	yes
TelecommunicationsGridOutlet	Modern	telecommunicationsgridoutlet	telecommunications grid outlet; telecommunicationsgridoutlet	yes	MudSharp.GameItems.Prototypes.TelecommunicationsGridOutletGameItemComponentProto			1	UsefulSeeder	Industrialised-direct	exported-and-current	Reusable stock is present in the maintained component export.	MudSharp.GameItems.Components.TelecommunicationsGridOutletGameItemComponent	yes	yes	yes	yes	yes	yes	yes
Telephone	Modern	telephone	telephone	yes	MudSharp.GameItems.Prototypes.TelephoneGameItemComponentProto	IReceive; ITelephone; ITransmit		1	UsefulSeeder	Industrialised-direct	exported-and-current	Reusable stock is present in the maintained component export.	MudSharp.GameItems.Components.TelephoneGameItemComponent	yes	yes	yes	yes	yes	yes	yes
Temperature Sensor	Modern	temperaturesensor	temperature sensor; temperaturesensor	yes	MudSharp.GameItems.Prototypes.TemperatureSensorGameItemComponentProto			1	UsefulSeeder	Industrialised-direct	exported-and-current	Reusable stock is present in the maintained component export.	MudSharp.GameItems.Components.TemperatureSensorGameItemComponent	yes	yes	yes	yes	yes	yes	yes
ThrownWeapon	General	throwing weapon	throwing; throwing weapon; thrown; thrown weapon	yes	MudSharp.GameItems.Prototypes.ThrownWeaponGameItemComponentProto	IMeleeWeapon; IRangedWeapon; IRangedWeaponPlatform; IWieldable		5	UsefulSeeder	General-shared	exported-and-current	Reusable stock is present in the maintained component export.	MudSharp.GameItems.Components.ThrownWeaponGameItemComponent	yes	yes	yes	yes	yes	yes	yes
TimePiece	General	timepiece	timepiece	yes	MudSharp.GameItems.Prototypes.TimePieceGameItemComponentProto	ITimePiece		8	UsefulSeeder	General-shared	exported-and-current	Reusable stock is present in the maintained component export.	MudSharp.GameItems.Components.TimePieceGameItemComponent	yes	yes	yes	yes	yes	yes	yes
Timer Sensor	Modern	timersensor	timer sensor; timersensor	yes	MudSharp.GameItems.Prototypes.TimerSensorGameItemComponentProto			1	UsefulSeeder	Industrialised-direct	exported-and-current	Reusable stock is present in the maintained component export.	MudSharp.GameItems.Components.TimerSensorGameItemComponent	yes	yes	yes	yes	yes	yes	yes
Toggle Switch	Modern	toggleswitch	toggle switch; toggleswitch	yes	MudSharp.GameItems.Prototypes.ToggleSwitchGameItemComponentProto			1	UsefulSeeder	Industrialised-direct	exported-and-current	Reusable stock is present in the maintained component export.	MudSharp.GameItems.Components.ToggleSwitchGameItemComponent	yes	yes	yes	yes	yes	yes	yes
TopicalCream	General	topicalcream	cream; topicalcream	yes	MudSharp.GameItems.Prototypes.TopicalCreamGameItemComponentProto	IApply		21	UsefulSeeder	General-shared	exported-and-current	Reusable stock is present in the maintained component export.	MudSharp.GameItems.Components.TopicalCreamGameItemComponent	yes	yes	yes	yes	yes	yes	yes
Torch	General	torch	torch	yes	MudSharp.GameItems.Prototypes.TorchGameItemComponentProto	ILightable; IProduceLight		11	UsefulSeeder	General-shared	exported-and-current	Reusable stock is present in the maintained component export.	MudSharp.GameItems.Components.TorchGameItemComponent	yes	yes	yes	yes	yes	yes	yes
Treatment	General	treatment	treatment	yes	MudSharp.GameItems.Prototypes.TreatmentGameItemComponentProto	ITreatment		17	UsefulSeeder	General-shared	exported-and-current	Reusable stock is present in the maintained component export.	MudSharp.GameItems.Components.TreatmentGameItemComponent	yes	yes	yes	yes	yes	yes	yes
UnlimitedGenerator	Futuristic	unlimitedgenerator	unlimitedgenerator	yes	MudSharp.GameItems.Prototypes.UnlimitedGeneratorGameItemComponentProto			2	UsefulSeeder	Futuristic	exported-and-current	Reusable stock is present in the maintained component export.	MudSharp.GameItems.Components.UnlimitedGeneratorGameItemComponent	yes	yes	yes	yes	yes	yes	yes
Variable	General	variable	variable	yes	MudSharp.GameItems.Prototypes.VariableGameItemComponentProto	IVariable		22	UsefulSeeder	General-shared	exported-and-current	Reusable stock is present in the maintained component export.	MudSharp.GameItems.Components.VariableGameItemComponent	yes	yes	yes	yes	yes	yes	yes
Variable Changer	General	vchanger	variable changer; variablechanger; vchanger	yes	MudSharp.GameItems.Prototypes.VariableChangerGameItemComponentProto	IChangeCharacteristics; IVariable		5	UsefulSeeder	General-shared	exported-and-current	Reusable stock is present in the maintained component export.	MudSharp.GameItems.Components.VariableChangerGameItemComponent	yes	yes	yes	yes	yes	yes	yes
Vehicle Access Point	General	vehicle access point	vehicle access point; vehicleaccess	yes	MudSharp.GameItems.Prototypes.VehicleAccessPointGameItemComponentProto	ILockable; IOpenable; IVehicleAccessPointItem		0	VehicleSeeder	General-shared	dependency-bound	Requires finished-item or world-specific references; do not seed placeholder IDs.	MudSharp.GameItems.Components.VehicleAccessPointGameItemComponent	yes	yes	yes	yes	yes	yes	yes
Vehicle Cargo Space	General	vehicle cargo space	vehicle cargo space; vehiclecargo	yes	MudSharp.GameItems.Prototypes.VehicleCargoSpaceGameItemComponentProto	IVehicleCargoSpaceItem		0	VehicleSeeder	General-shared	dependency-bound	Requires finished-item or world-specific references; do not seed placeholder IDs.	MudSharp.GameItems.Components.VehicleCargoSpaceGameItemComponent	yes	yes	yes	yes	yes	yes	yes
Vehicle Exterior	General	vehicle exterior	vehicle; vehicle exterior	yes	MudSharp.GameItems.Prototypes.VehicleExteriorGameItemComponentProto	IVehicleExterior		0	VehicleSeeder	General-shared	dependency-bound	Requires finished-item or world-specific references; do not seed placeholder IDs.	MudSharp.GameItems.Components.VehicleExteriorGameItemComponent	yes	yes	yes	yes	yes	yes	yes
Vehicle Installable	General	vehicle installable	vehicle installable; vehicleinstallable	yes	MudSharp.GameItems.Prototypes.VehicleInstallableGameItemComponentProto	IVehicleInstallable		3	VehicleSeeder	General-shared	exported-and-current	Reusable stock is present in the maintained component export.	MudSharp.GameItems.Components.VehicleInstallableGameItemComponent	yes	yes	yes	yes	yes	yes	yes
Vehicle Oar	General	vehicle oar	oar; vehicle oar; vehicleoar	yes	MudSharp.GameItems.Prototypes.VehicleOarGameItemComponentProto	IVehicleOar		2	VehicleSeeder	General-shared	exported-and-current	Reusable stock is present in the maintained component export.	MudSharp.GameItems.Components.VehicleOarGameItemComponent	yes	yes	yes	yes	yes	yes	yes
Vending Machine	Modern	vending machine	vending; vending machine; vendingmachine	yes	MudSharp.GameItems.Prototypes.VendingMachineGameItemComponentProto	IContainer; IInsertable; IListable; ISelectable; IVendingMachine		1	UsefulSeeder	Industrialised-direct	exported-and-current	Reusable stock is present in the maintained component export.	MudSharp.GameItems.Components.VendingMachineGameItemComponent	yes	yes	yes	yes	yes	yes	yes
WashingMachine	Modern	washingmachine	washing machine; washingmachine	yes	MudSharp.GameItems.Prototypes.WashingMachineGameItemComponentProto	IContainer; ILiquidContainer; ILockable; IOpenable; ISelectable		1	UsefulSeeder	Industrialised-direct	exported-and-current	Reusable stock is present in the maintained component export.	MudSharp.GameItems.Components.WashingMachineGameItemComponent	yes	yes	yes	yes	yes	yes	yes
WaterSource	General	watersource	watersource	yes	MudSharp.GameItems.Prototypes.WaterSourceGameItemComponentProto	ILiquidContainer; ILockable; IOpenable		26	UsefulSeeder	General-shared	exported-and-current	Reusable stock is present in the maintained component export.	MudSharp.GameItems.Components.WaterSourceGameItemComponent	yes	yes	yes	yes	yes	yes	yes
WeaponCarrierAttachment	General	weaponcarrier	weaponcarrier; weaponcarrierattachment	yes	MudSharp.GameItems.Prototypes.WeaponCarrierAttachmentGameItemComponentProto	IWeaponCarrierAttachment		4	UsefulSeeder	General-shared	exported-and-current	Reusable stock is present in the maintained component export.	MudSharp.GameItems.Components.WeaponCarrierAttachmentGameItemComponent	yes	yes	yes	yes	yes	yes	yes
Wearable	General	wearable	wearable	yes	MudSharp.GameItems.Prototypes.WearableGameItemComponentProto	IWearable		208	UsefulSeeder	General-shared	exported-and-current	Reusable stock is present in the maintained component export.	MudSharp.GameItems.Components.WearableGameItemComponent	yes	yes	yes	yes	yes	yes	yes
Wieldable	General	wieldable	wieldable	yes	MudSharp.GameItems.Prototypes.WieldablePropGameItemComponentProto	IWieldable		0	UsefulSeeder	General-shared	honest-alternate-satisfied	Existing reusable profiles cover the near-term semantic requirement.	MudSharp.GameItems.Components.WieldablePropGameItemComponent	yes	yes	yes	yes	yes	yes	yes
Wireless Modem	Modern	wirelessmodem	cellular modem; cellularmodem; wireless modem; wirelessmodem	yes	MudSharp.GameItems.Prototypes.WirelessModemGameItemComponentProto			1	UsefulSeeder	Industrialised-direct	exported-and-current	Reusable stock is present in the maintained component export.	MudSharp.GameItems.Components.WirelessModemGameItemComponent	yes	yes	yes	yes	yes	yes	yes
WornTraitChanger	General	worntraitchanger	wornbonus; worntraitchanger	yes	MudSharp.GameItems.Prototypes.WornTraitChangerGameItemComponentProto			62	UsefulSeeder	General-shared	exported-and-current	Reusable stock is present in the maintained component export.	MudSharp.GameItems.Components.WornTraitChangerGameItemComponent	yes	yes	yes	yes	yes	yes	yes
ZeroGravityAnchor	Futuristic	zerogravityanchor	zerogravityanchor	yes	MudSharp.GameItems.Prototypes.ZeroGravityAnchorGameItemComponentProto	IZeroGravityAnchorItem		1	UsefulSeeder	Futuristic	exported-and-current	Reusable stock is present in the maintained component export.	MudSharp.GameItems.Components.ZeroGravityAnchorGameItemComponent	yes	yes	yes	yes	yes	yes	yes
ZeroGravityTether	Futuristic	zerogravitytether	zerogravitytether	yes	MudSharp.GameItems.Prototypes.ZeroGravityTetherGameItemComponentProto	IZeroGravityTetherItem		1	UsefulSeeder	Futuristic	exported-and-current	Reusable stock is present in the maintained component export.	MudSharp.GameItems.Components.ZeroGravityTetherGameItemComponent	yes	yes	yes	yes	yes	yes	yes
