stable_reference	noun	short_description	full_description	size	quality	weight_grams	cost	material	tags	components	builder_notes	category
renaissance_medical_barber_surgeon_case	case	a barber surgeon case	This barber surgeon case is made chiefly from leather and has a practical, period-appropriate form. Its silhouette is clear at a glance, with the useful end, opening, or bearing surface left unobscured by decoration. Wear is concentrated on the areas a handler would touch, lift, or set down.	Normal	Standard	1800.0	48.0	leather	Era / Renaissance Era;Market / Medicine / Surgical Supplies;Functions / Tools / Surgical Tools	Holdable;Destroyable_Misc;FieldMedkit	Renaissance medical catalogue; category Clinical surgery.	Clinical surgery
renaissance_medical_folding_lancet	lancet	a folding lancet	This folding lancet has a compact wrought iron working end and a grip shaped to keep the hand clear of the task. Its edges, jaws, or point are deliberately exposed enough to show how it is used, while the remaining surfaces are plain and easy to wipe clean. Fine scratches concentrate around the moving joint or tip rather than being scattered as decorative wear.	Small	Standard	180.0	20.0	wrought iron	Era / Renaissance Era;Market / Medicine / Surgical Supplies;Functions / Medical Treatment / Bloodletting	Holdable;Destroyable_Misc	Renaissance medical catalogue; category Clinical surgery.	Clinical surgery
renaissance_medical_cupping_glass	glass	a cupping glass	This cupping glass is made chiefly from glass and has a practical, period-appropriate form. Its silhouette is clear at a glance, with the useful end, opening, or bearing surface left unobscured by decoration. Wear is concentrated on the areas a handler would touch, lift, or set down.	Small	Standard	160.0	18.0	glass	Era / Renaissance Era;Market / Medicine / Surgical Supplies;Functions / Tools / Surgical Tools	Holdable;Destroyable_Misc	Renaissance medical catalogue; category Clinical surgery.	Clinical surgery
renaissance_medical_trephine	trephine	a trephine	This trephine has a compact wrought iron working end and a grip shaped to keep the hand clear of the task. Its edges, jaws, or point are deliberately exposed enough to show how it is used, while the remaining surfaces are plain and easy to wipe clean. Fine scratches concentrate around the moving joint or tip rather than being scattered as decorative wear.	Small	Standard	180.0	20.0	wrought iron	Era / Renaissance Era;Market / Medicine / Surgical Supplies;Functions / Tools / Surgical Tools	Holdable;Destroyable_Misc	Renaissance medical catalogue; category Clinical surgery.	Clinical surgery
renaissance_medical_bone_saw	saw	a bone saw	This bone saw has a compact wrought iron working end and a grip shaped to keep the hand clear of the task. Its edges, jaws, or point are deliberately exposed enough to show how it is used, while the remaining surfaces are plain and easy to wipe clean. Fine scratches concentrate around the moving joint or tip rather than being scattered as decorative wear.	Small	Standard	180.0	20.0	wrought iron	Era / Renaissance Era;Market / Medicine / Surgical Supplies;Functions / Tools / Surgical Tools / Bonesaw	Holdable;Destroyable_Misc	Renaissance medical catalogue; category Clinical surgery.	Clinical surgery
renaissance_medical_amputation_knife	knife	an amputation knife	This amputation knife has a compact wrought iron working end and a grip shaped to keep the hand clear of the task. Its edges, jaws, or point are deliberately exposed enough to show how it is used, while the remaining surfaces are plain and easy to wipe clean. Fine scratches concentrate around the moving joint or tip rather than being scattered as decorative wear.	Small	Standard	180.0	20.0	wrought iron	Era / Renaissance Era;Market / Medicine / Surgical Supplies;Functions / Tools / Surgical Tools / Scalpel	Holdable;Destroyable_Misc	Renaissance medical catalogue; category Clinical surgery.	Clinical surgery
renaissance_medical_wound_probe	probe	a wound probe	This wound probe has a compact wrought iron working end and a grip shaped to keep the hand clear of the task. Its edges, jaws, or point are deliberately exposed enough to show how it is used, while the remaining surfaces are plain and easy to wipe clean. Fine scratches concentrate around the moving joint or tip rather than being scattered as decorative wear.	Small	Standard	180.0	20.0	wrought iron	Era / Renaissance Era;Market / Medicine / Surgical Supplies;Functions / Tools / Surgical Tools / Surgical Probe	Holdable;Destroyable_Misc	Renaissance medical catalogue; category Clinical surgery.	Clinical surgery
renaissance_medical_bullet_extractor	extractor	a bullet extractor	This bullet extractor has a compact wrought iron working end and a grip shaped to keep the hand clear of the task. Its edges, jaws, or point are deliberately exposed enough to show how it is used, while the remaining surfaces are plain and easy to wipe clean. Fine scratches concentrate around the moving joint or tip rather than being scattered as decorative wear.	Small	Standard	180.0	20.0	wrought iron	Era / Renaissance Era;Market / Medicine / Surgical Supplies;Functions / Tools / Surgical Tools	Holdable;Destroyable_Misc	Renaissance medical catalogue; category Clinical surgery.	Clinical surgery
renaissance_medical_artery_forceps	forceps	an artery forceps	This artery forceps has a compact wrought iron working end and a grip shaped to keep the hand clear of the task. Its edges, jaws, or point are deliberately exposed enough to show how it is used, while the remaining surfaces are plain and easy to wipe clean. Fine scratches concentrate around the moving joint or tip rather than being scattered as decorative wear.	Small	Standard	180.0	20.0	wrought iron	Era / Renaissance Era;Market / Medicine / Surgical Supplies;Functions / Tools / Surgical Tools / Forceps	Holdable;Destroyable_Misc	Renaissance medical catalogue; category Clinical surgery.	Clinical surgery
renaissance_medical_cautery_iron	iron	a cautery iron	This cautery iron has a compact wrought iron working end and a grip shaped to keep the hand clear of the task. Its edges, jaws, or point are deliberately exposed enough to show how it is used, while the remaining surfaces are plain and easy to wipe clean. Fine scratches concentrate around the moving joint or tip rather than being scattered as decorative wear.	Small	Standard	180.0	20.0	wrought iron	Era / Renaissance Era;Market / Medicine / Surgical Supplies;Functions / Tools / Surgical Tools / Cautery Iron	Holdable;Destroyable_Misc	Renaissance medical catalogue; category Clinical surgery.	Clinical surgery
renaissance_medical_suture_needle	needle	a suture needle	This suture needle has a compact wrought iron working end and a grip shaped to keep the hand clear of the task. Its edges, jaws, or point are deliberately exposed enough to show how it is used, while the remaining surfaces are plain and easy to wipe clean. Fine scratches concentrate around the moving joint or tip rather than being scattered as decorative wear.	Small	Standard	180.0	20.0	wrought iron	Era / Renaissance Era;Market / Medicine / Surgical Supplies;Functions / Tools / Surgical Tools / Surgical Suture Needle	Holdable;Destroyable_Misc;Suture_Single	Renaissance medical catalogue; category Clinical surgery.	Clinical surgery
renaissance_medical_surgical_scissors	scissors	a surgical scissors	This surgical scissors has a compact wrought iron working end and a grip shaped to keep the hand clear of the task. Its edges, jaws, or point are deliberately exposed enough to show how it is used, while the remaining surfaces are plain and easy to wipe clean. Fine scratches concentrate around the moving joint or tip rather than being scattered as decorative wear.	Small	Standard	180.0	20.0	wrought iron	Era / Renaissance Era;Market / Medicine / Surgical Supplies;Functions / Tools / Surgical Tools	Holdable;Destroyable_Misc	Renaissance medical catalogue; category Clinical surgery.	Clinical surgery
renaissance_medical_dental_pelican	pelican	a dental pelican	This dental pelican has a compact wrought iron working end and a grip shaped to keep the hand clear of the task. Its edges, jaws, or point are deliberately exposed enough to show how it is used, while the remaining surfaces are plain and easy to wipe clean. Fine scratches concentrate around the moving joint or tip rather than being scattered as decorative wear.	Small	Standard	180.0	20.0	wrought iron	Era / Renaissance Era;Market / Medicine / Surgical Supplies;Functions / Medical Treatment / Dental Treatment	Holdable;Destroyable_Misc	Renaissance medical catalogue; category Clinical surgery.	Clinical surgery
renaissance_medical_dental_forceps	forceps	a dental forceps	This dental forceps has a compact wrought iron working end and a grip shaped to keep the hand clear of the task. Its edges, jaws, or point are deliberately exposed enough to show how it is used, while the remaining surfaces are plain and easy to wipe clean. Fine scratches concentrate around the moving joint or tip rather than being scattered as decorative wear.	Small	Standard	180.0	20.0	wrought iron	Era / Renaissance Era;Market / Medicine / Surgical Supplies;Functions / Medical Treatment / Dental Treatment	Holdable;Destroyable_Misc	Renaissance medical catalogue; category Clinical surgery.	Clinical surgery
renaissance_medical_birthing_stool	stool	a birthing stool	This birthing stool is made chiefly from oak and has a practical, period-appropriate form. Its silhouette is clear at a glance, with the useful end, opening, or bearing surface left unobscured by decoration. Wear is concentrated on the areas a handler would touch, lift, or set down.	Normal	Standard	1800.0	48.0	oak	Era / Renaissance Era;Market / Medicine / Surgical Supplies;Functions / Medical Treatment / Obstetric Aid	Holdable;Destroyable_Misc	Renaissance medical catalogue; category Clinical surgery.	Clinical surgery
renaissance_medical_midwife_hook	hook	a midwife hook	This midwife hook is made chiefly from linen and has a practical, period-appropriate form. Its silhouette is clear at a glance, with the useful end, opening, or bearing surface left unobscured by decoration. Wear is concentrated on the areas a handler would touch, lift, or set down.	Small	Standard	250.0	12.0	linen	Era / Renaissance Era;Market / Medicine / Surgical Supplies;Functions / Medical Treatment / Obstetric Aid	Holdable;Destroyable_Misc	Renaissance medical catalogue; category Clinical surgery.	Clinical surgery
renaissance_medical_catheter	catheter	a catheter	This catheter has a compact wrought iron working end and a grip shaped to keep the hand clear of the task. Its edges, jaws, or point are deliberately exposed enough to show how it is used, while the remaining surfaces are plain and easy to wipe clean. Fine scratches concentrate around the moving joint or tip rather than being scattered as decorative wear.	Small	Standard	180.0	20.0	wrought iron	Era / Renaissance Era;Market / Medicine / Surgical Supplies;Functions / Tools / Surgical Tools	Holdable;Destroyable_Misc	Renaissance medical catalogue; category Clinical surgery.	Clinical surgery
renaissance_medical_speculum	speculum	a speculum	This speculum has a compact wrought iron working end and a grip shaped to keep the hand clear of the task. Its edges, jaws, or point are deliberately exposed enough to show how it is used, while the remaining surfaces are plain and easy to wipe clean. Fine scratches concentrate around the moving joint or tip rather than being scattered as decorative wear.	Small	Standard	180.0	20.0	wrought iron	Era / Renaissance Era;Market / Medicine / Surgical Supplies;Functions / Tools / Surgical Tools / Speculum	Holdable;Destroyable_Misc	Renaissance medical catalogue; category Clinical surgery.	Clinical surgery
renaissance_medical_enema_syringe	syringe	an enema syringe	This enema syringe has a compact wrought iron working end and a grip shaped to keep the hand clear of the task. Its edges, jaws, or point are deliberately exposed enough to show how it is used, while the remaining surfaces are plain and easy to wipe clean. Fine scratches concentrate around the moving joint or tip rather than being scattered as decorative wear.	Small	Standard	180.0	20.0	wrought iron	Era / Renaissance Era;Market / Medicine / Surgical Supplies;Functions / Tools / Surgical Tools	Holdable;Destroyable_Misc	Renaissance medical catalogue; category Clinical surgery.	Clinical surgery
renaissance_medical_leech_jar	jar	a leech jar	This leech jar is made chiefly from glass and has a practical, period-appropriate form. Its silhouette is clear at a glance, with the useful end, opening, or bearing surface left unobscured by decoration. Wear is concentrated on the areas a handler would touch, lift, or set down.	Small	Standard	160.0	18.0	glass	Era / Renaissance Era;Market / Medicine / Surgical Supplies;Functions / Tools / Surgical Tools	Holdable;Destroyable_Misc	Renaissance medical catalogue; category Clinical surgery.	Clinical surgery
renaissance_medical_albarello_drug_jar	jar	an albarello drug jar	This albarello drug jar is an apothecary working piece made chiefly from glass. Its shape makes the contents, measure, or working surface easy to inspect, with a deliberately plain finish that will not hide residue. Small stains, powder traces, or rubbed corners give it the settled look of a tool kept within reach of a dispensing bench.	Small	Standard	160.0	18.0	glass	Era / Renaissance Era;Market / Medicine / Apothecary Goods;Functions / Medical Treatment / Chemical Remedy	Holdable;Destroyable_Misc	Renaissance medical catalogue; category Apothecary.	Apothecary
renaissance_medical_labelled_gallipot	gallipot	a labelled gallipot	This labelled gallipot is an apothecary working piece made chiefly from glass. Its shape makes the contents, measure, or working surface easy to inspect, with a deliberately plain finish that will not hide residue. Small stains, powder traces, or rubbed corners give it the settled look of a tool kept within reach of a dispensing bench.	Small	Standard	160.0	18.0	glass	Era / Renaissance Era;Market / Medicine / Apothecary Goods;Functions / Medical Treatment / Chemical Remedy	Holdable;Destroyable_Misc	Renaissance medical catalogue; category Apothecary.	Apothecary
renaissance_medical_powder_paper	paper	a powder paper	This powder paper is an apothecary working piece made chiefly from paper. Its shape makes the contents, measure, or working surface easy to inspect, with a deliberately plain finish that will not hide residue. Small stains, powder traces, or rubbed corners give it the settled look of a tool kept within reach of a dispensing bench.	Small	Standard	35.0	6.0	paper	Era / Renaissance Era;Market / Medicine / Apothecary Goods;Functions / Medical Treatment / Chemical Remedy	Holdable;Destroyable_Misc	Renaissance medical catalogue; category Apothecary.	Apothecary
renaissance_medical_waxed_medicine_vial	vial	a waxed medicine vial	This waxed medicine vial is an apothecary working piece made chiefly from glass. Its shape makes the contents, measure, or working surface easy to inspect, with a deliberately plain finish that will not hide residue. Small stains, powder traces, or rubbed corners give it the settled look of a tool kept within reach of a dispensing bench.	Small	Standard	160.0	18.0	glass	Era / Renaissance Era;Market / Medicine / Apothecary Goods;Functions / Medical Treatment / Chemical Remedy	Holdable;Destroyable_Misc	Renaissance medical catalogue; category Apothecary.	Apothecary
renaissance_medical_stoppered_cordial_bottle	bottle	a stoppered cordial bottle	This stoppered cordial bottle is an apothecary working piece made chiefly from glass. Its shape makes the contents, measure, or working surface easy to inspect, with a deliberately plain finish that will not hide residue. Small stains, powder traces, or rubbed corners give it the settled look of a tool kept within reach of a dispensing bench.	Small	Standard	160.0	18.0	glass	Era / Renaissance Era;Market / Medicine / Apothecary Goods;Functions / Medical Treatment / Chemical Remedy	Holdable;Destroyable_Misc	Renaissance medical catalogue; category Apothecary.	Apothecary
renaissance_medical_apothecary_mortar	mortar	an apothecary mortar	This apothecary mortar is an apothecary working piece made chiefly from granite. Its shape makes the contents, measure, or working surface easy to inspect, with a deliberately plain finish that will not hide residue. Small stains, powder traces, or rubbed corners give it the settled look of a tool kept within reach of a dispensing bench.	Small	Standard	1250.0	16.0	granite	Era / Renaissance Era;Market / Medicine / Apothecary Goods;Functions / Medical Treatment / Chemical Remedy	Holdable;Destroyable_Misc	Renaissance medical catalogue; category Apothecary.	Apothecary
renaissance_medical_brass_balance	balance	a brass balance	This brass balance is an apothecary working piece made chiefly from brass. Its shape makes the contents, measure, or working surface easy to inspect, with a deliberately plain finish that will not hide residue. Small stains, powder traces, or rubbed corners give it the settled look of a tool kept within reach of a dispensing bench.	Small	Standard	420.0	28.0	brass	Era / Renaissance Era;Market / Medicine / Apothecary Goods;Functions / Medical Treatment / Chemical Remedy	Holdable;Destroyable_Misc	Renaissance medical catalogue; category Apothecary.	Apothecary
renaissance_medical_nested_weight_set	set	a nested weight set	This nested weight set is an apothecary working piece made chiefly from brass. Its shape makes the contents, measure, or working surface easy to inspect, with a deliberately plain finish that will not hide residue. Small stains, powder traces, or rubbed corners give it the settled look of a tool kept within reach of a dispensing bench.	Small	Standard	420.0	28.0	brass	Era / Renaissance Era;Market / Medicine / Apothecary Goods;Functions / Medical Treatment / Chemical Remedy	Holdable;Destroyable_Misc	Renaissance medical catalogue; category Apothecary.	Apothecary
renaissance_medical_pill_tile	tile	a pill tile	This pill tile is an apothecary working piece made chiefly from ceramic. Its shape makes the contents, measure, or working surface easy to inspect, with a deliberately plain finish that will not hide residue. Small stains, powder traces, or rubbed corners give it the settled look of a tool kept within reach of a dispensing bench.	Small	Standard	240.0	9.0	ceramic	Era / Renaissance Era;Market / Medicine / Apothecary Goods;Functions / Medical Treatment / Chemical Remedy	Holdable;Destroyable_Misc	Renaissance medical catalogue; category Apothecary.	Apothecary
renaissance_medical_herb_drying_rack	rack	a herb drying rack	This herb drying rack is an apothecary working piece made chiefly from oak. Its shape makes the contents, measure, or working surface easy to inspect, with a deliberately plain finish that will not hide residue. Small stains, powder traces, or rubbed corners give it the settled look of a tool kept within reach of a dispensing bench.	Normal	Standard	1800.0	48.0	oak	Era / Renaissance Era;Market / Medicine / Apothecary Goods;Functions / Medical Treatment / Chemical Remedy	Holdable;Destroyable_Misc	Renaissance medical catalogue; category Apothecary.	Apothecary
renaissance_medical_distillation_alembic	alembic	a distillation alembic	This distillation alembic is an apothecary working piece made chiefly from glass. Its shape makes the contents, measure, or working surface easy to inspect, with a deliberately plain finish that will not hide residue. Small stains, powder traces, or rubbed corners give it the settled look of a tool kept within reach of a dispensing bench.	Small	Standard	160.0	18.0	glass	Era / Renaissance Era;Market / Medicine / Apothecary Goods;Functions / Medical Treatment / Chemical Remedy	Holdable;Destroyable_Misc	Renaissance medical catalogue; category Apothecary.	Apothecary
renaissance_medical_glass_retort	retort	a glass retort	This glass retort is an apothecary working piece made chiefly from glass. Its shape makes the contents, measure, or working surface easy to inspect, with a deliberately plain finish that will not hide residue. Small stains, powder traces, or rubbed corners give it the settled look of a tool kept within reach of a dispensing bench.	Small	Standard	160.0	18.0	glass	Era / Renaissance Era;Market / Medicine / Apothecary Goods;Functions / Medical Treatment / Chemical Remedy	Holdable;Destroyable_Misc	Renaissance medical catalogue; category Apothecary.	Apothecary
renaissance_medical_drug_sieve	sieve	a drug sieve	This drug sieve is an apothecary working piece made chiefly from brass. Its shape makes the contents, measure, or working surface easy to inspect, with a deliberately plain finish that will not hide residue. Small stains, powder traces, or rubbed corners give it the settled look of a tool kept within reach of a dispensing bench.	Small	Standard	420.0	28.0	brass	Era / Renaissance Era;Market / Medicine / Apothecary Goods;Functions / Medical Treatment / Chemical Remedy	Holdable;Destroyable_Misc	Renaissance medical catalogue; category Apothecary.	Apothecary
renaissance_medical_ointment_spatula	spatula	an ointment spatula	This ointment spatula is an apothecary working piece made chiefly from beeswax. Its shape makes the contents, measure, or working surface easy to inspect, with a deliberately plain finish that will not hide residue. Small stains, powder traces, or rubbed corners give it the settled look of a tool kept within reach of a dispensing bench.	Small	Standard	95.0	16.0	beeswax	Era / Renaissance Era;Market / Medicine / Apothecary Goods;Functions / Medical Treatment / Chemical Remedy	Holdable;Destroyable_Misc	Renaissance medical catalogue; category Apothecary.	Apothecary
renaissance_medical_travelling_medicine_chest	chest	a travelling medicine chest	This travelling medicine chest is an apothecary working piece made chiefly from oak. Its shape makes the contents, measure, or working surface easy to inspect, with a deliberately plain finish that will not hide residue. Small stains, powder traces, or rubbed corners give it the settled look of a tool kept within reach of a dispensing bench.	Normal	Standard	1800.0	48.0	oak	Era / Renaissance Era;Market / Medicine / Apothecary Goods;Functions / Medical Treatment / Chemical Remedy	Holdable;Destroyable_Misc	Renaissance medical catalogue; category Apothecary.	Apothecary
renaissance_medical_syrup_funnel	funnel	a syrup funnel	This syrup funnel is an apothecary working piece made chiefly from glass. Its shape makes the contents, measure, or working surface easy to inspect, with a deliberately plain finish that will not hide residue. Small stains, powder traces, or rubbed corners give it the settled look of a tool kept within reach of a dispensing bench.	Small	Standard	160.0	18.0	glass	Era / Renaissance Era;Market / Medicine / Apothecary Goods;Functions / Medical Treatment / Chemical Remedy	Holdable;Destroyable_Misc	Renaissance medical catalogue; category Apothecary.	Apothecary
renaissance_medical_parchment_dose_packet	packet	a parchment dose packet	This parchment dose packet is an apothecary working piece made chiefly from parchment. Its shape makes the contents, measure, or working surface easy to inspect, with a deliberately plain finish that will not hide residue. Small stains, powder traces, or rubbed corners give it the settled look of a tool kept within reach of a dispensing bench.	Small	Standard	35.0	6.0	parchment	Era / Renaissance Era;Market / Medicine / Apothecary Goods;Functions / Medical Treatment / Chemical Remedy	Holdable;Destroyable_Misc	Renaissance medical catalogue; category Apothecary.	Apothecary
renaissance_medical_tincture_flask	flask	a tincture flask	This tincture flask is an apothecary working piece made chiefly from glass. Its shape makes the contents, measure, or working surface easy to inspect, with a deliberately plain finish that will not hide residue. Small stains, powder traces, or rubbed corners give it the settled look of a tool kept within reach of a dispensing bench.	Small	Standard	160.0	18.0	glass	Era / Renaissance Era;Market / Medicine / Apothecary Goods;Functions / Medical Treatment / Chemical Remedy	Holdable;Destroyable_Misc	Renaissance medical catalogue; category Apothecary.	Apothecary
renaissance_medical_mummy_powder_jar	jar	a mummy powder jar	This mummy powder jar is an apothecary working piece made chiefly from bone. Its shape makes the contents, measure, or working surface easy to inspect, with a deliberately plain finish that will not hide residue. Small stains, powder traces, or rubbed corners give it the settled look of a tool kept within reach of a dispensing bench.	Small	Standard	35.0	24.0	bone	Era / Renaissance Era;Market / Medicine / Apothecary Goods;Functions / Medical Treatment / Chemical Remedy	Holdable;Destroyable_Misc	Renaissance medical catalogue; category Apothecary.	Apothecary
renaissance_medical_powdered_pearl_packet	packet	a powdered pearl packet	This powdered pearl packet is an apothecary working piece made chiefly from pearl. Its shape makes the contents, measure, or working surface easy to inspect, with a deliberately plain finish that will not hide residue. Small stains, powder traces, or rubbed corners give it the settled look of a tool kept within reach of a dispensing bench.	Small	Standard	20.0	85.0	pearl	Era / Renaissance Era;Market / Medicine / Apothecary Goods;Functions / Medical Treatment / Chemical Remedy	Holdable;Destroyable_Misc	Renaissance medical catalogue; category Apothecary.	Apothecary
renaissance_medical_sympathetic_powder_vial	vial	a sympathetic powder vial	This sympathetic powder vial is an apothecary working piece made chiefly from green vitriol. Its shape makes the contents, measure, or working surface easy to inspect, with a deliberately plain finish that will not hide residue. Small stains, powder traces, or rubbed corners give it the settled look of a tool kept within reach of a dispensing bench.	Small	Standard	30.0	18.0	green vitriol	Era / Renaissance Era;Market / Medicine / Apothecary Goods;Functions / Medical Treatment / Chemical Remedy	Holdable;Destroyable_Misc	Renaissance medical catalogue; category Apothecary.	Apothecary
renaissance_medical_weapon_salve_pot	pot	a weapon salve pot	This weapon salve pot is an apothecary working piece made chiefly from beeswax. Its shape makes the contents, measure, or working surface easy to inspect, with a deliberately plain finish that will not hide residue. Small stains, powder traces, or rubbed corners give it the settled look of a tool kept within reach of a dispensing bench.	Small	Standard	90.0	20.0	beeswax	Era / Renaissance Era;Market / Medicine / Apothecary Goods;Functions / Medical Treatment / Chemical Remedy	Holdable;Destroyable_Misc	Renaissance medical catalogue; category Apothecary.	Apothecary
renaissance_medical_astrological_diagnostic_glass	glass	an astrological diagnostic glass	This astrological diagnostic glass is an apothecary working piece made chiefly from glass. Its shape makes the contents, measure, or working surface easy to inspect, with a deliberately plain finish that will not hide residue. Small stains, powder traces, or rubbed corners give it the settled look of a tool kept within reach of a dispensing bench.	Small	Standard	210.0	42.0	glass	Era / Renaissance Era;Market / Medicine / Apothecary Goods;Functions / Medical Treatment / Diagnostic Prop	Holdable;Destroyable_Misc	Renaissance medical catalogue; category Apothecary.	Apothecary
renaissance_drug_opium_tincture_bottle	bottle	an opium tincture bottle	This opium tincture bottle is prepared as a distinct ready-to-use remedy rather than loose pharmacy stock. The glass container or wrapper is sized for a single course, with its closure arranged to keep the preparation from spilling or drying out. Its surface bears handling marks around the lid, stopper, or fold where a user would open it.	Small	Standard	160.0	18.0	glass	Era / Renaissance Era;Market / Medicine / Chemical Medicine;Functions / Medical Treatment / Chemical Remedy	Holdable;Destroyable_Misc;LContainer_Medicine_Opium_Tincture_100ml	Renaissance medical catalogue; category Drugs delivery.	Drugs delivery
renaissance_drug_antimony_wine_bottle	bottle	an antimony wine bottle	This antimony wine bottle is prepared as a distinct ready-to-use remedy rather than loose pharmacy stock. The glass container or wrapper is sized for a single course, with its closure arranged to keep the preparation from spilling or drying out. Its surface bears handling marks around the lid, stopper, or fold where a user would open it.	Small	Standard	160.0	18.0	glass	Era / Renaissance Era;Market / Medicine / Chemical Medicine;Functions / Medical Treatment / Chemical Remedy	Holdable;Destroyable_Misc;LContainer_Medicine_Antimony_Wine_100ml	Renaissance medical catalogue; category Drugs delivery.	Drugs delivery
renaissance_drug_mercurial_ointment_pot	pot	a mercurial ointment pot	This mercurial ointment pot is prepared as a distinct ready-to-use remedy rather than loose pharmacy stock. The beeswax container or wrapper is sized for a single course, with its closure arranged to keep the preparation from spilling or drying out. Its surface bears handling marks around the lid, stopper, or fold where a user would open it.	Small	Standard	95.0	16.0	beeswax	Era / Renaissance Era;Market / Medicine / Chemical Medicine;Functions / Medical Treatment / Chemical Remedy	Holdable;Destroyable_Misc;TopicalCream_Mercurial_Ointment	Renaissance medical catalogue; category Drugs delivery.	Drugs delivery
renaissance_drug_guaiacum_decoction_flask	flask	a guaiacum decoction flask	This guaiacum decoction flask is prepared as a distinct ready-to-use remedy rather than loose pharmacy stock. The glass container or wrapper is sized for a single course, with its closure arranged to keep the preparation from spilling or drying out. Its surface bears handling marks around the lid, stopper, or fold where a user would open it.	Small	Standard	160.0	18.0	glass	Era / Renaissance Era;Market / Medicine / Chemical Medicine;Functions / Medical Treatment / Chemical Remedy	Holdable;Destroyable_Misc;LContainer_Medicine_Guaiacum_Decoction_100ml	Renaissance medical catalogue; category Drugs delivery.	Drugs delivery
renaissance_drug_sarsaparilla_syrup_bottle	bottle	a sarsaparilla syrup bottle	This sarsaparilla syrup bottle is prepared as a distinct ready-to-use remedy rather than loose pharmacy stock. The glass container or wrapper is sized for a single course, with its closure arranged to keep the preparation from spilling or drying out. Its surface bears handling marks around the lid, stopper, or fold where a user would open it.	Small	Standard	160.0	18.0	glass	Era / Renaissance Era;Market / Medicine / Chemical Medicine;Functions / Medical Treatment / Chemical Remedy	Holdable;Destroyable_Misc;LContainer_Medicine_Sarsaparilla_Syrup_100ml	Renaissance medical catalogue; category Drugs delivery.	Drugs delivery
renaissance_drug_sassafras_tonic_bottle	bottle	a sassafras tonic bottle	This sassafras tonic bottle is prepared as a distinct ready-to-use remedy rather than loose pharmacy stock. The glass container or wrapper is sized for a single course, with its closure arranged to keep the preparation from spilling or drying out. Its surface bears handling marks around the lid, stopper, or fold where a user would open it.	Small	Standard	160.0	18.0	glass	Era / Renaissance Era;Market / Medicine / Chemical Medicine;Functions / Medical Treatment / Chemical Remedy	Holdable;Destroyable_Misc;LContainer_Medicine_Sassafras_Tonic_100ml	Renaissance medical catalogue; category Drugs delivery.	Drugs delivery
renaissance_drug_camphorated_balm_pot	pot	a camphorated balm pot	This camphorated balm pot is prepared as a distinct ready-to-use remedy rather than loose pharmacy stock. The beeswax container or wrapper is sized for a single course, with its closure arranged to keep the preparation from spilling or drying out. Its surface bears handling marks around the lid, stopper, or fold where a user would open it.	Small	Standard	95.0	16.0	beeswax	Era / Renaissance Era;Market / Medicine / Chemical Medicine;Functions / Medical Treatment / Chemical Remedy	Holdable;Destroyable_Misc;TopicalCream_Camphorated_Balm	Renaissance medical catalogue; category Drugs delivery.	Drugs delivery
renaissance_drug_myrrh_tincture_vial	vial	a myrrh tincture vial	This myrrh tincture vial is prepared as a distinct ready-to-use remedy rather than loose pharmacy stock. The glass container or wrapper is sized for a single course, with its closure arranged to keep the preparation from spilling or drying out. Its surface bears handling marks around the lid, stopper, or fold where a user would open it.	Small	Standard	160.0	18.0	glass	Era / Renaissance Era;Market / Medicine / Chemical Medicine;Functions / Medical Treatment / Chemical Remedy	Holdable;Destroyable_Misc;TopicalCream_Myrrh_Tincture	Renaissance medical catalogue; category Drugs delivery.	Drugs delivery
renaissance_drug_benzoin_fumigant_cone	cone	a benzoin fumigant cone	This benzoin fumigant cone is prepared as a distinct ready-to-use remedy rather than loose pharmacy stock. The benzoin resin container or wrapper is sized for a single course, with its closure arranged to keep the preparation from spilling or drying out. Its surface bears handling marks around the lid, stopper, or fold where a user would open it.	Small	Standard	45.0	14.0	benzoin resin	Era / Renaissance Era;Market / Medicine / Chemical Medicine;Functions / Medical Treatment / Chemical Remedy	Holdable;Destroyable_Misc;Smokeable_Benzoin_Fumigant	Renaissance medical catalogue; category Drugs delivery.	Drugs delivery
renaissance_drug_tobacco_smoke_roll	roll	a tobacco smoke roll	This tobacco smoke roll is prepared as a distinct ready-to-use remedy rather than loose pharmacy stock. The leather container or wrapper is sized for a single course, with its closure arranged to keep the preparation from spilling or drying out. Its surface bears handling marks around the lid, stopper, or fold where a user would open it.	Normal	Standard	1800.0	48.0	leather	Era / Renaissance Era;Market / Medicine / Chemical Medicine;Functions / Medical Treatment / Chemical Remedy	Holdable;Destroyable_Misc;Smokeable_Tobacco_Smoke	Renaissance medical catalogue; category Drugs delivery.	Drugs delivery
renaissance_drug_rosewater_compress	compress	a rosewater compress	This rosewater compress is prepared as a distinct ready-to-use remedy rather than loose pharmacy stock. The linen container or wrapper is sized for a single course, with its closure arranged to keep the preparation from spilling or drying out. Its surface bears handling marks around the lid, stopper, or fold where a user would open it.	Small	Standard	420.0	9.0	linen	Era / Renaissance Era;Market / Medicine / Chemical Medicine;Functions / Medical Treatment / Chemical Remedy	Holdable;Destroyable_Misc;TopicalCream_Rosewater_Compress	Renaissance medical catalogue; category Drugs delivery.	Drugs delivery
renaissance_drug_aqua_vitae_wash_bottle	bottle	an aqua vitae wash bottle	This aqua vitae wash bottle is prepared as a distinct ready-to-use remedy rather than loose pharmacy stock. The glass container or wrapper is sized for a single course, with its closure arranged to keep the preparation from spilling or drying out. Its surface bears handling marks around the lid, stopper, or fold where a user would open it.	Small	Standard	160.0	18.0	glass	Era / Renaissance Era;Market / Medicine / Chemical Medicine;Functions / Medical Treatment / Chemical Remedy	Holdable;Destroyable_Misc;TopicalCream_Aqua_Vitae_Wash	Renaissance medical catalogue; category Drugs delivery.	Drugs delivery
renaissance_medical_pesthouse_bed_roll	roll	a pesthouse bed roll	This pesthouse bed roll is made chiefly from leather for visible, repeated use in a shared sickroom or street. Its proportions favour clear handling and easy recognition over ornament, whether it is hung, spread, carried, or set beside a bed. The exposed surfaces show practical wear at the places where attendants would grip, fold, or clean it.	Normal	Standard	1800.0	48.0	leather	Era / Renaissance Era;Market / Medicine / Public Health;Functions / Medical Treatment / Quarantine	Holdable;Destroyable_Misc	Renaissance medical catalogue; category Public health.	Public health
renaissance_medical_quarantine_flag	flag	a quarantine flag	This quarantine flag is made chiefly from linen for visible, repeated use in a shared sickroom or street. Its proportions favour clear handling and easy recognition over ornament, whether it is hung, spread, carried, or set beside a bed. The exposed surfaces show practical wear at the places where attendants would grip, fold, or clean it.	Small	Standard	250.0	12.0	linen	Era / Renaissance Era;Market / Medicine / Public Health;Functions / Medical Treatment / Quarantine	Holdable;Destroyable_Misc	Renaissance medical catalogue; category Public health.	Public health
renaissance_medical_fumigation_brazier	brazier	a fumigation brazier	This fumigation brazier is made chiefly from bronze for visible, repeated use in a shared sickroom or street. Its proportions favour clear handling and easy recognition over ornament, whether it is hung, spread, carried, or set beside a bed. The exposed surfaces show practical wear at the places where attendants would grip, fold, or clean it.	Normal	Standard	2600.0	38.0	bronze	Era / Renaissance Era;Market / Medicine / Public Health;Functions / Medical Treatment / Public Health	Holdable;Destroyable_Misc	Renaissance medical catalogue; category Public health.	Public health
renaissance_medical_aromatic_vinegar_cloth	cloth	an aromatic vinegar cloth	This aromatic vinegar cloth is made chiefly from linen for visible, repeated use in a shared sickroom or street. Its proportions favour clear handling and easy recognition over ornament, whether it is hung, spread, carried, or set beside a bed. The exposed surfaces show practical wear at the places where attendants would grip, fold, or clean it.	Small	Standard	420.0	9.0	linen	Era / Renaissance Era;Market / Medicine / Public Health;Functions / Medical Treatment / Public Health	Holdable;Destroyable_Misc;Antiseptic_Single	Renaissance medical catalogue; category Public health.	Public health
renaissance_medical_plague_pomander	pomander	a plague pomander	This plague pomander is made chiefly from silver for visible, repeated use in a shared sickroom or street. Its proportions favour clear handling and easy recognition over ornament, whether it is hung, spread, carried, or set beside a bed. The exposed surfaces show practical wear at the places where attendants would grip, fold, or clean it.	Small	Standard	90.0	65.0	silver	Era / Renaissance Era;Market / Medicine / Public Health;Functions / Medical Treatment / Public Health	Holdable;Destroyable_Misc	Renaissance medical catalogue; category Public health.	Public health
renaissance_medical_ward_washstand	washstand	a ward washstand	This ward washstand is made chiefly from oak for visible, repeated use in a shared sickroom or street. Its proportions favour clear handling and easy recognition over ornament, whether it is hung, spread, carried, or set beside a bed. The exposed surfaces show practical wear at the places where attendants would grip, fold, or clean it.	Normal	Standard	1800.0	48.0	oak	Era / Renaissance Era;Market / Medicine / Public Health;Functions / Medical Treatment / Public Health	Holdable;Destroyable_Misc	Renaissance medical catalogue; category Public health.	Public health
renaissance_medical_hospital_screen	screen	a hospital screen	This hospital screen is made chiefly from oak for visible, repeated use in a shared sickroom or street. Its proportions favour clear handling and easy recognition over ornament, whether it is hung, spread, carried, or set beside a bed. The exposed surfaces show practical wear at the places where attendants would grip, fold, or clean it.	Normal	Standard	1800.0	48.0	oak	Era / Renaissance Era;Market / Medicine / Public Health;Functions / Medical Treatment / Public Health	Holdable;Destroyable_Misc	Renaissance medical catalogue; category Public health.	Public health
renaissance_medical_washable_sickbed_blanket	blanket	a washable sickbed blanket	This washable sickbed blanket is made chiefly from linen for visible, repeated use in a shared sickroom or street. Its proportions favour clear handling and easy recognition over ornament, whether it is hung, spread, carried, or set beside a bed. The exposed surfaces show practical wear at the places where attendants would grip, fold, or clean it.	Small	Standard	420.0	9.0	linen	Era / Renaissance Era;Market / Medicine / Public Health;Functions / Medical Treatment / Public Health	Holdable;Destroyable_Misc	Renaissance medical catalogue; category Public health.	Public health
renaissance_medical_surgeon_field_roll	roll	a surgeon field roll	This surgeon field roll is made chiefly from leather for visible, repeated use in a shared sickroom or street. Its proportions favour clear handling and easy recognition over ornament, whether it is hung, spread, carried, or set beside a bed. The exposed surfaces show practical wear at the places where attendants would grip, fold, or clean it.	Normal	Standard	1800.0	48.0	leather	Era / Renaissance Era;Market / Medicine / Public Health;Functions / Medical Treatment / Public Health	Holdable;Destroyable_Misc;FieldMedkit	Renaissance medical catalogue; category Public health.	Public health
renaissance_medical_campaign_medicine_chest	chest	a campaign medicine chest	This campaign medicine chest is made chiefly from oak for visible, repeated use in a shared sickroom or street. Its proportions favour clear handling and easy recognition over ornament, whether it is hung, spread, carried, or set beside a bed. The exposed surfaces show practical wear at the places where attendants would grip, fold, or clean it.	Normal	Standard	1800.0	48.0	oak	Era / Renaissance Era;Market / Medicine / Public Health;Functions / Medical Treatment / Public Health	Holdable;Destroyable_Misc;FieldMedkit	Renaissance medical catalogue; category Public health.	Public health
renaissance_medical_dissection_sheet	sheet	a dissection sheet	This dissection sheet is made chiefly from linen for visible, repeated use in a shared sickroom or street. Its proportions favour clear handling and easy recognition over ornament, whether it is hung, spread, carried, or set beside a bed. The exposed surfaces show practical wear at the places where attendants would grip, fold, or clean it.	Small	Standard	250.0	12.0	linen	Era / Renaissance Era;Market / Medicine / Public Health;Functions / Medical Treatment / Public Health	Holdable;Destroyable_Misc	Renaissance medical catalogue; category Public health.	Public health
renaissance_medical_corpse_shroud	shroud	a corpse shroud	This corpse shroud is made chiefly from linen for visible, repeated use in a shared sickroom or street. Its proportions favour clear handling and easy recognition over ornament, whether it is hung, spread, carried, or set beside a bed. The exposed surfaces show practical wear at the places where attendants would grip, fold, or clean it.	Small	Standard	420.0	9.0	linen	Era / Renaissance Era;Market / Medicine / Public Health;Functions / Medical Treatment / Public Health	Holdable;Destroyable_Misc	Renaissance medical catalogue; category Public health.	Public health
renaissance_medical_sickroom_chamber_pot	pot	a sickroom chamber pot	This sickroom chamber pot is made chiefly from ceramic for visible, repeated use in a shared sickroom or street. Its proportions favour clear handling and easy recognition over ornament, whether it is hung, spread, carried, or set beside a bed. The exposed surfaces show practical wear at the places where attendants would grip, fold, or clean it.	Small	Standard	1100.0	10.0	ceramic	Era / Renaissance Era;Market / Medicine / Public Health;Functions / Medical Treatment / Public Health	Holdable;Destroyable_Misc	Renaissance medical catalogue; category Public health.	Public health
renaissance_medical_fever_compress	compress	a fever compress	This fever compress is made chiefly from linen for visible, repeated use in a shared sickroom or street. Its proportions favour clear handling and easy recognition over ornament, whether it is hung, spread, carried, or set beside a bed. The exposed surfaces show practical wear at the places where attendants would grip, fold, or clean it.	Small	Standard	420.0	9.0	linen	Era / Renaissance Era;Market / Medicine / Public Health;Functions / Medical Treatment / Public Health	Holdable;Destroyable_Misc;Tend_Single	Renaissance medical catalogue; category Public health.	Public health
renaissance_medical_isolation_placard	placard	an isolation placard	This isolation placard is made chiefly from oak for visible, repeated use in a shared sickroom or street. Its proportions favour clear handling and easy recognition over ornament, whether it is hung, spread, carried, or set beside a bed. The exposed surfaces show practical wear at the places where attendants would grip, fold, or clean it.	Small	Standard	600.0	8.0	oak	Era / Renaissance Era;Market / Medicine / Public Health;Functions / Medical Treatment / Quarantine	Holdable;Destroyable_Misc	Renaissance medical catalogue; category Public health.	Public health
renaissance_medical_public_pump_key	key	a public pump key	This public pump key is made chiefly from wrought iron for visible, repeated use in a shared sickroom or street. Its proportions favour clear handling and easy recognition over ornament, whether it is hung, spread, carried, or set beside a bed. The exposed surfaces show practical wear at the places where attendants would grip, fold, or clean it.	Small	Standard	180.0	20.0	wrought iron	Era / Renaissance Era;Market / Medicine / Public Health;Functions / Medical Treatment / Public Health	Holdable;Destroyable_Misc	Renaissance medical catalogue; category Public health.	Public health
renaissance_medical_royal_touch_token	token	a royal-touch token	This royal-touch token is made chiefly from silver for visible, repeated use in a shared sickroom or street. Its proportions favour clear handling and easy recognition over ornament, whether it is hung, spread, carried, or set beside a bed. The exposed surfaces show practical wear at the places where attendants would grip, fold, or clean it.	Small	Standard	18.0	50.0	silver	Era / Renaissance Era;Market / Medicine / Public Health;Functions / Medical Treatment / Diagnostic Prop	Holdable;Destroyable_Misc	Renaissance medical catalogue; category Public health.	Public health
renaissance_medical_adjustable_crutch	crutch	an adjustable crutch	This adjustable crutch is built from oak in broad, practical members that spread weight across the body or a bearer. Its contact points are padded, bound, or rounded where they would otherwise chafe, while the supporting structure remains visibly sturdy. Scuffs and polished edges make its intended direction of use immediately legible.	Normal	Standard	1250.0	44.0	oak	Era / Renaissance Era;Market / Medicine / Prosthetics and Mobility;Functions / Medical Treatment / Mobility Aid	Holdable;Destroyable_WoodenHeavy;Crutch	Renaissance medical catalogue; category Mobility prosthesis.	Mobility prosthesis
renaissance_medical_padded_splint	splint	a padded splint	This padded splint is built from linen in broad, practical members that spread weight across the body or a bearer. Its contact points are padded, bound, or rounded where they would otherwise chafe, while the supporting structure remains visibly sturdy. Scuffs and polished edges make its intended direction of use immediately legible.	Small	Standard	420.0	9.0	linen	Era / Renaissance Era;Market / Medicine / Prosthetics and Mobility;Functions / Medical Treatment / Mobility Aid	Holdable;Destroyable_Misc;Limb_Immobilising	Renaissance medical catalogue; category Mobility prosthesis.	Mobility prosthesis
renaissance_medical_fracture_frame	frame	a fracture frame	This fracture frame is built from oak in broad, practical members that spread weight across the body or a bearer. Its contact points are padded, bound, or rounded where they would otherwise chafe, while the supporting structure remains visibly sturdy. Scuffs and polished edges make its intended direction of use immediately legible.	Normal	Standard	1800.0	48.0	oak	Era / Renaissance Era;Market / Medicine / Prosthetics and Mobility;Functions / Medical Treatment / Mobility Aid	Holdable;Destroyable_Misc	Renaissance medical catalogue; category Mobility prosthesis.	Mobility prosthesis
renaissance_medical_arm_sling	sling	an arm sling	This arm sling is built from linen in broad, practical members that spread weight across the body or a bearer. Its contact points are padded, bound, or rounded where they would otherwise chafe, while the supporting structure remains visibly sturdy. Scuffs and polished edges make its intended direction of use immediately legible.	Small	Standard	420.0	9.0	linen	Era / Renaissance Era;Market / Medicine / Prosthetics and Mobility;Functions / Medical Treatment / Mobility Aid	Holdable;Destroyable_Misc;Limb_Immobilising	Renaissance medical catalogue; category Mobility prosthesis.	Mobility prosthesis
renaissance_medical_leg_brace	brace	a leg brace	This leg brace is built from oak in broad, practical members that spread weight across the body or a bearer. Its contact points are padded, bound, or rounded where they would otherwise chafe, while the supporting structure remains visibly sturdy. Scuffs and polished edges make its intended direction of use immediately legible.	Normal	Standard	1250.0	44.0	oak	Era / Renaissance Era;Market / Medicine / Prosthetics and Mobility;Functions / Medical Treatment / Mobility Aid	Holdable;Destroyable_Misc;Limb_Immobilising	Renaissance medical catalogue; category Mobility prosthesis.	Mobility prosthesis
renaissance_medical_truss_belt	belt	a truss belt	This truss belt is built from linen in broad, practical members that spread weight across the body or a bearer. Its contact points are padded, bound, or rounded where they would otherwise chafe, while the supporting structure remains visibly sturdy. Scuffs and polished edges make its intended direction of use immediately legible.	Small	Standard	250.0	12.0	linen	Era / Renaissance Era;Market / Medicine / Prosthetics and Mobility;Functions / Medical Treatment / Mobility Aid	Holdable;Destroyable_Misc;Limb_Immobilising	Renaissance medical catalogue; category Mobility prosthesis.	Mobility prosthesis
renaissance_medical_peg_leg	leg	a peg leg	This peg leg is built from oak in broad, practical members that spread weight across the body or a bearer. Its contact points are padded, bound, or rounded where they would otherwise chafe, while the supporting structure remains visibly sturdy. Scuffs and polished edges make its intended direction of use immediately legible.	Normal	Standard	1250.0	44.0	oak	Era / Renaissance Era;Market / Medicine / Prosthetics and Mobility;Functions / Medical Treatment / Mobility Aid	Holdable;Destroyable_WoodenHeavy;Prosthetic_LKnee	Renaissance medical catalogue; category Mobility prosthesis.	Mobility prosthesis
renaissance_medical_wooden_hand	hand	a wooden hand	This wooden hand is built from oak in broad, practical members that spread weight across the body or a bearer. Its contact points are padded, bound, or rounded where they would otherwise chafe, while the supporting structure remains visibly sturdy. Scuffs and polished edges make its intended direction of use immediately legible.	Normal	Standard	1250.0	44.0	oak	Era / Renaissance Era;Market / Medicine / Prosthetics and Mobility;Functions / Medical Treatment / Mobility Aid	Holdable;Destroyable_Misc;Prosthetic_LHand_Functional	Renaissance medical catalogue; category Mobility prosthesis.	Mobility prosthesis
renaissance_medical_hook_hand	hand	a hook hand	This hook hand is built from oak in broad, practical members that spread weight across the body or a bearer. Its contact points are padded, bound, or rounded where they would otherwise chafe, while the supporting structure remains visibly sturdy. Scuffs and polished edges make its intended direction of use immediately legible.	Normal	Standard	1250.0	44.0	oak	Era / Renaissance Era;Market / Medicine / Prosthetics and Mobility;Functions / Medical Treatment / Mobility Aid	Holdable;Destroyable_Misc;Prosthetic_LHand_Functional	Renaissance medical catalogue; category Mobility prosthesis.	Mobility prosthesis
renaissance_medical_glass_eye	eye	a glass eye	This glass eye is built from glass in broad, practical members that spread weight across the body or a bearer. Its contact points are padded, bound, or rounded where they would otherwise chafe, while the supporting structure remains visibly sturdy. Scuffs and polished edges make its intended direction of use immediately legible.	Small	Standard	160.0	18.0	glass	Era / Renaissance Era;Market / Medicine / Prosthetics and Mobility;Functions / Medical Treatment / Mobility Aid	Holdable;Destroyable_Misc;Prosthetic_LEye	Renaissance medical catalogue; category Mobility prosthesis.	Mobility prosthesis
renaissance_medical_neck_support	support	a neck support	This neck support is built from linen in broad, practical members that spread weight across the body or a bearer. Its contact points are padded, bound, or rounded where they would otherwise chafe, while the supporting structure remains visibly sturdy. Scuffs and polished edges make its intended direction of use immediately legible.	Small	Standard	250.0	12.0	linen	Era / Renaissance Era;Market / Medicine / Prosthetics and Mobility;Functions / Medical Treatment / Mobility Aid	Holdable;Destroyable_Misc;Limb_Immobilising	Renaissance medical catalogue; category Mobility prosthesis.	Mobility prosthesis
renaissance_medical_field_stretcher	stretcher	a field stretcher	This field stretcher is built from oak in broad, practical members that spread weight across the body or a bearer. Its contact points are padded, bound, or rounded where they would otherwise chafe, while the supporting structure remains visibly sturdy. Scuffs and polished edges make its intended direction of use immediately legible.	Normal	Standard	1800.0	48.0	oak	Era / Renaissance Era;Market / Medicine / Prosthetics and Mobility;Functions / Medical Treatment / Mobility Aid	Holdable;Destroyable_Misc;DragAid_Stretcher	Renaissance medical catalogue; category Mobility prosthesis.	Mobility prosthesis
renaissance_medical_casualty_litter	litter	a casualty litter	This casualty litter is built from oak in broad, practical members that spread weight across the body or a bearer. Its contact points are padded, bound, or rounded where they would otherwise chafe, while the supporting structure remains visibly sturdy. Scuffs and polished edges make its intended direction of use immediately legible.	Normal	Standard	1800.0	48.0	oak	Era / Renaissance Era;Market / Medicine / Prosthetics and Mobility;Functions / Medical Treatment / Mobility Aid	Holdable;Destroyable_Misc;DragAid_Stretcher	Renaissance medical catalogue; category Mobility prosthesis.	Mobility prosthesis
renaissance_medical_drag_harness	harness	a drag harness	This drag harness is built from linen in broad, practical members that spread weight across the body or a bearer. Its contact points are padded, bound, or rounded where they would otherwise chafe, while the supporting structure remains visibly sturdy. Scuffs and polished edges make its intended direction of use immediately legible.	Small	Standard	250.0	12.0	linen	Era / Renaissance Era;Market / Medicine / Prosthetics and Mobility;Functions / Medical Treatment / Mobility Aid	Holdable;Destroyable_Misc;DragAid_Harness	Renaissance medical catalogue; category Mobility prosthesis.	Mobility prosthesis
renaissance_medical_invalid_chair	chair	an invalid chair	This invalid chair is built from oak in broad, practical members that spread weight across the body or a bearer. Its contact points are padded, bound, or rounded where they would otherwise chafe, while the supporting structure remains visibly sturdy. Scuffs and polished edges make its intended direction of use immediately legible.	Normal	Standard	1800.0	48.0	oak	Era / Renaissance Era;Market / Medicine / Prosthetics and Mobility;Functions / Medical Treatment / Mobility Aid	Holdable;Destroyable_Misc	Renaissance medical catalogue; category Mobility prosthesis.	Mobility prosthesis
renaissance_medical_horse_fleam	fleam	a horse fleam	This horse fleam has a compact wrought iron working end and a grip shaped to keep the hand clear of the task. Its edges, jaws, or point are deliberately exposed enough to show how it is used, while the remaining surfaces are plain and easy to wipe clean. Fine scratches concentrate around the moving joint or tip rather than being scattered as decorative wear.	Small	Standard	180.0	20.0	wrought iron	Era / Renaissance Era;Market / Medicine / Veterinary Medicine;Functions / Medical Treatment / Veterinary Treatment	Holdable;Destroyable_Misc	Renaissance medical catalogue; category Veterinary.	Veterinary
renaissance_medical_animal_dosing_horn	horn	an animal dosing horn	This animal dosing horn is made from horn in a larger, sturdier pattern suited to animals that do not hold still. Its working parts are simple enough to be managed with gloved or dirty hands, and its corners are softened where they meet hide, hoof, or tack. Old rub marks and dried staining make it look like stable equipment rather than a human surgical tool.	Small	Standard	180.0	10.0	horn	Era / Renaissance Era;Market / Medicine / Veterinary Medicine;Functions / Medical Treatment / Veterinary Treatment	Holdable;Destroyable_Misc	Renaissance medical catalogue; category Veterinary.	Veterinary
renaissance_medical_veterinary_drench_bottle	bottle	a veterinary drench bottle	This veterinary drench bottle is made from glass in a larger, sturdier pattern suited to animals that do not hold still. Its working parts are simple enough to be managed with gloved or dirty hands, and its corners are softened where they meet hide, hoof, or tack. Old rub marks and dried staining make it look like stable equipment rather than a human surgical tool.	Small	Standard	160.0	18.0	glass	Era / Renaissance Era;Market / Medicine / Veterinary Medicine;Functions / Medical Treatment / Veterinary Treatment	Holdable;Destroyable_Misc	Renaissance medical catalogue; category Veterinary.	Veterinary
renaissance_medical_hoof_poultice	poultice	a hoof poultice	This hoof poultice is made from linen in a larger, sturdier pattern suited to animals that do not hold still. Its working parts are simple enough to be managed with gloved or dirty hands, and its corners are softened where they meet hide, hoof, or tack. Old rub marks and dried staining make it look like stable equipment rather than a human surgical tool.	Small	Standard	250.0	12.0	linen	Era / Renaissance Era;Market / Medicine / Veterinary Medicine;Functions / Medical Treatment / Veterinary Treatment	Holdable;Destroyable_Misc;Tend_Single	Renaissance medical catalogue; category Veterinary.	Veterinary
renaissance_medical_animal_splint	splint	an animal splint	This animal splint is built from linen in broad, practical members that spread weight across the body or a bearer. Its contact points are padded, bound, or rounded where they would otherwise chafe, while the supporting structure remains visibly sturdy. Scuffs and polished edges make its intended direction of use immediately legible.	Small	Standard	420.0	9.0	linen	Era / Renaissance Era;Market / Medicine / Veterinary Medicine;Functions / Medical Treatment / Veterinary Treatment	Holdable;Destroyable_Misc;Limb_Immobilising	Renaissance medical catalogue; category Veterinary.	Veterinary
renaissance_medical_horse_sling	sling	a horse sling	This horse sling is built from linen in broad, practical members that spread weight across the body or a bearer. Its contact points are padded, bound, or rounded where they would otherwise chafe, while the supporting structure remains visibly sturdy. Scuffs and polished edges make its intended direction of use immediately legible.	Small	Standard	420.0	9.0	linen	Era / Renaissance Era;Market / Medicine / Veterinary Medicine;Functions / Medical Treatment / Veterinary Treatment	Holdable;Destroyable_Misc;Limb_Immobilising	Renaissance medical catalogue; category Veterinary.	Veterinary
renaissance_medical_worming_ball	ball	a worming ball	This worming ball is made from herb in a larger, sturdier pattern suited to animals that do not hold still. Its working parts are simple enough to be managed with gloved or dirty hands, and its corners are softened where they meet hide, hoof, or tack. Old rub marks and dried staining make it look like stable equipment rather than a human surgical tool.	Small	Standard	35.0	7.0	herb	Era / Renaissance Era;Market / Medicine / Veterinary Medicine;Functions / Medical Treatment / Veterinary Treatment	Holdable;Destroyable_Misc	Renaissance medical catalogue; category Veterinary.	Veterinary
renaissance_medical_stable_eye_wash	wash	a stable eye wash	This stable eye wash is built from linen in broad, practical members that spread weight across the body or a bearer. Its contact points are padded, bound, or rounded where they would otherwise chafe, while the supporting structure remains visibly sturdy. Scuffs and polished edges make its intended direction of use immediately legible.	Small	Standard	250.0	12.0	linen	Era / Renaissance Era;Market / Medicine / Veterinary Medicine;Functions / Medical Treatment / Veterinary Treatment	Holdable;Destroyable_Misc	Renaissance medical catalogue; category Veterinary.	Veterinary
renaissance_medical_cattle_lancet	lancet	a cattle lancet	This cattle lancet has a compact wrought iron working end and a grip shaped to keep the hand clear of the task. Its edges, jaws, or point are deliberately exposed enough to show how it is used, while the remaining surfaces are plain and easy to wipe clean. Fine scratches concentrate around the moving joint or tip rather than being scattered as decorative wear.	Small	Standard	180.0	20.0	wrought iron	Era / Renaissance Era;Market / Medicine / Veterinary Medicine;Functions / Medical Treatment / Veterinary Treatment	Holdable;Destroyable_Misc	Renaissance medical catalogue; category Veterinary.	Veterinary
renaissance_medical_farrier_medicine_roll	roll	a farrier medicine roll	This farrier medicine roll is made from leather in a larger, sturdier pattern suited to animals that do not hold still. Its working parts are simple enough to be managed with gloved or dirty hands, and its corners are softened where they meet hide, hoof, or tack. Old rub marks and dried staining make it look like stable equipment rather than a human surgical tool.	Normal	Standard	1800.0	48.0	leather	Era / Renaissance Era;Market / Medicine / Veterinary Medicine;Functions / Medical Treatment / Veterinary Treatment	Holdable;Destroyable_Misc;Tend_Kit	Renaissance medical catalogue; category Veterinary.	Veterinary
renaissance_medical_livestock_truss	truss	a livestock truss	This livestock truss is built from linen in broad, practical members that spread weight across the body or a bearer. Its contact points are padded, bound, or rounded where they would otherwise chafe, while the supporting structure remains visibly sturdy. Scuffs and polished edges make its intended direction of use immediately legible.	Small	Standard	250.0	12.0	linen	Era / Renaissance Era;Market / Medicine / Veterinary Medicine;Functions / Medical Treatment / Veterinary Treatment	Holdable;Destroyable_Misc;Limb_Immobilising	Renaissance medical catalogue; category Veterinary.	Veterinary
renaissance_medical_animal_bandage	bandage	an animal bandage	This animal bandage is made from linen in a larger, sturdier pattern suited to animals that do not hold still. Its working parts are simple enough to be managed with gloved or dirty hands, and its corners are softened where they meet hide, hoof, or tack. Old rub marks and dried staining make it look like stable equipment rather than a human surgical tool.	Small	Standard	420.0	9.0	linen	Era / Renaissance Era;Market / Medicine / Veterinary Medicine;Functions / Medical Treatment / Veterinary Treatment	Holdable;Destroyable_Misc;Bandage_Simple	Renaissance medical catalogue; category Veterinary.	Veterinary
renaissance_repair_rough_clockwork_repair_kit	kit	a rough clockwork repair kit	This rough clockwork repair kit is a rough-cut and plainly serviceable leather roll secured by two wrap straps. Its labelled pockets hold small leather-bound supplies sized for the named mechanism rather than a general assortment of tools. Creases at the fold and darkened strap holes show that it has been opened repeatedly at a bench.	Small	Poor	950.0	35.0	leather	Era / Renaissance Era;Market / Repair Supplies / Precision Repair Supplies;Functions / Repairing / Clockwork	Holdable;Destroyable_Misc;Repair_Clockwork_Poor	Renaissance medical catalogue; category Repair.	Repair
renaissance_repair_clockwork_repair_kit	kit	a clockwork repair kit	This clockwork repair kit is a orderly and workmanlike leather roll secured by two wrap straps. Its labelled pockets hold small leather-bound supplies sized for the named mechanism rather than a general assortment of tools. Creases at the fold and darkened strap holes show that it has been opened repeatedly at a bench.	Small	Standard	950.0	35.0	leather	Era / Renaissance Era;Market / Repair Supplies / Precision Repair Supplies;Functions / Repairing / Clockwork	Holdable;Destroyable_Misc;Repair_Clockwork	Renaissance medical catalogue; category Repair.	Repair
renaissance_repair_fine_clockwork_repair_kit	kit	a fine clockwork repair kit	This fine clockwork repair kit is a carefully fitted, with bright finished edges leather roll secured by two wrap straps. Its labelled pockets hold small leather-bound supplies sized for the named mechanism rather than a general assortment of tools. Creases at the fold and darkened strap holes show that it has been opened repeatedly at a bench.	Small	Good	950.0	35.0	leather	Era / Renaissance Era;Market / Repair Supplies / Precision Repair Supplies;Functions / Repairing / Clockwork	Holdable;Destroyable_Misc;Repair_Clockwork_Good	Renaissance medical catalogue; category Repair.	Repair
renaissance_repair_rough_firearm_repair_kit	kit	a rough firearm repair kit	This rough firearm repair kit is a rough-cut and plainly serviceable leather roll secured by two wrap straps. Its labelled pockets hold small leather-bound supplies sized for the named mechanism rather than a general assortment of tools. Creases at the fold and darkened strap holes show that it has been opened repeatedly at a bench.	Small	Poor	950.0	35.0	leather	Era / Renaissance Era;Market / Repair Supplies / Precision Repair Supplies;Functions / Repairing / Firearm	Holdable;Destroyable_Misc;Repair_Firearm_Poor	Renaissance medical catalogue; category Repair.	Repair
renaissance_repair_firearm_repair_kit	kit	a firearm repair kit	This firearm repair kit is a orderly and workmanlike leather roll secured by two wrap straps. Its labelled pockets hold small leather-bound supplies sized for the named mechanism rather than a general assortment of tools. Creases at the fold and darkened strap holes show that it has been opened repeatedly at a bench.	Small	Standard	950.0	35.0	leather	Era / Renaissance Era;Market / Repair Supplies / Precision Repair Supplies;Functions / Repairing / Firearm	Holdable;Destroyable_Misc;Repair_Firearm	Renaissance medical catalogue; category Repair.	Repair
renaissance_repair_fine_firearm_repair_kit	kit	a fine firearm repair kit	This fine firearm repair kit is a carefully fitted, with bright finished edges leather roll secured by two wrap straps. Its labelled pockets hold small leather-bound supplies sized for the named mechanism rather than a general assortment of tools. Creases at the fold and darkened strap holes show that it has been opened repeatedly at a bench.	Small	Good	950.0	35.0	leather	Era / Renaissance Era;Market / Repair Supplies / Precision Repair Supplies;Functions / Repairing / Firearm	Holdable;Destroyable_Misc;Repair_Firearm_Good	Renaissance medical catalogue; category Repair.	Repair
renaissance_repair_rough_medical_instrument_repair_kit	kit	a rough medical instrument repair kit	This rough medical instrument repair kit is a rough-cut and plainly serviceable leather roll secured by two wrap straps. Its labelled pockets hold small leather-bound supplies sized for the named mechanism rather than a general assortment of tools. Creases at the fold and darkened strap holes show that it has been opened repeatedly at a bench.	Small	Poor	950.0	35.0	leather	Era / Renaissance Era;Market / Repair Supplies / Precision Repair Supplies;Functions / Repairing / Medical Instrument	Holdable;Destroyable_Misc;Repair_Medical_Instrument_Poor	Renaissance medical catalogue; category Repair.	Repair
renaissance_repair_medical_instrument_repair_kit	kit	a medical instrument repair kit	This medical instrument repair kit is a orderly and workmanlike leather roll secured by two wrap straps. Its labelled pockets hold small leather-bound supplies sized for the named mechanism rather than a general assortment of tools. Creases at the fold and darkened strap holes show that it has been opened repeatedly at a bench.	Small	Standard	950.0	35.0	leather	Era / Renaissance Era;Market / Repair Supplies / Precision Repair Supplies;Functions / Repairing / Medical Instrument	Holdable;Destroyable_Misc;Repair_Medical_Instrument	Renaissance medical catalogue; category Repair.	Repair
renaissance_repair_fine_medical_instrument_repair_kit	kit	a fine medical instrument repair kit	This fine medical instrument repair kit is a carefully fitted, with bright finished edges leather roll secured by two wrap straps. Its labelled pockets hold small leather-bound supplies sized for the named mechanism rather than a general assortment of tools. Creases at the fold and darkened strap holes show that it has been opened repeatedly at a bench.	Small	Good	950.0	35.0	leather	Era / Renaissance Era;Market / Repair Supplies / Precision Repair Supplies;Functions / Repairing / Medical Instrument	Holdable;Destroyable_Misc;Repair_Medical_Instrument_Good	Renaissance medical catalogue; category Repair.	Repair
renaissance_repair_rough_optical_instrument_repair_kit	kit	a rough optical instrument repair kit	This rough optical instrument repair kit is a rough-cut and plainly serviceable leather roll secured by two wrap straps. Its labelled pockets hold small leather-bound supplies sized for the named mechanism rather than a general assortment of tools. Creases at the fold and darkened strap holes show that it has been opened repeatedly at a bench.	Small	Poor	950.0	35.0	leather	Era / Renaissance Era;Market / Repair Supplies / Precision Repair Supplies;Functions / Repairing / Optical Instrument	Holdable;Destroyable_Misc;Repair_Optical_Instrument_Poor	Renaissance medical catalogue; category Repair.	Repair
renaissance_repair_optical_instrument_repair_kit	kit	an optical instrument repair kit	This optical instrument repair kit is a orderly and workmanlike leather roll secured by two wrap straps. Its labelled pockets hold small leather-bound supplies sized for the named mechanism rather than a general assortment of tools. Creases at the fold and darkened strap holes show that it has been opened repeatedly at a bench.	Small	Standard	950.0	35.0	leather	Era / Renaissance Era;Market / Repair Supplies / Precision Repair Supplies;Functions / Repairing / Optical Instrument	Holdable;Destroyable_Misc;Repair_Optical_Instrument	Renaissance medical catalogue; category Repair.	Repair
renaissance_repair_fine_optical_instrument_repair_kit	kit	a fine optical instrument repair kit	This fine optical instrument repair kit is a carefully fitted, with bright finished edges leather roll secured by two wrap straps. Its labelled pockets hold small leather-bound supplies sized for the named mechanism rather than a general assortment of tools. Creases at the fold and darkened strap holes show that it has been opened repeatedly at a bench.	Small	Good	950.0	35.0	leather	Era / Renaissance Era;Market / Repair Supplies / Precision Repair Supplies;Functions / Repairing / Optical Instrument	Holdable;Destroyable_Misc;Repair_Optical_Instrument_Good	Renaissance medical catalogue; category Repair.	Repair
renaissance_repair_rough_printing_equipment_repair_kit	kit	a rough printing equipment repair kit	This rough printing equipment repair kit is a rough-cut and plainly serviceable leather roll secured by two wrap straps. Its labelled pockets hold small leather-bound supplies sized for the named mechanism rather than a general assortment of tools. Creases at the fold and darkened strap holes show that it has been opened repeatedly at a bench.	Small	Poor	950.0	35.0	leather	Era / Renaissance Era;Market / Repair Supplies / Precision Repair Supplies;Functions / Repairing / Printing Equipment	Holdable;Destroyable_Misc;Repair_Printing_Equipment_Poor	Renaissance medical catalogue; category Repair.	Repair
renaissance_repair_printing_equipment_repair_kit	kit	a printing equipment repair kit	This printing equipment repair kit is a orderly and workmanlike leather roll secured by two wrap straps. Its labelled pockets hold small leather-bound supplies sized for the named mechanism rather than a general assortment of tools. Creases at the fold and darkened strap holes show that it has been opened repeatedly at a bench.	Small	Standard	950.0	35.0	leather	Era / Renaissance Era;Market / Repair Supplies / Precision Repair Supplies;Functions / Repairing / Printing Equipment	Holdable;Destroyable_Misc;Repair_Printing_Equipment	Renaissance medical catalogue; category Repair.	Repair
renaissance_repair_fine_printing_equipment_repair_kit	kit	a fine printing equipment repair kit	This fine printing equipment repair kit is a carefully fitted, with bright finished edges leather roll secured by two wrap straps. Its labelled pockets hold small leather-bound supplies sized for the named mechanism rather than a general assortment of tools. Creases at the fold and darkened strap holes show that it has been opened repeatedly at a bench.	Small	Good	950.0	35.0	leather	Era / Renaissance Era;Market / Repair Supplies / Precision Repair Supplies;Functions / Repairing / Printing Equipment	Holdable;Destroyable_Misc;Repair_Printing_Equipment_Good	Renaissance medical catalogue; category Repair.	Repair
renaissance_repair_rough_scientific_instrument_repair_kit	kit	a rough scientific instrument repair kit	This rough scientific instrument repair kit is a rough-cut and plainly serviceable leather roll secured by two wrap straps. Its labelled pockets hold small leather-bound supplies sized for the named mechanism rather than a general assortment of tools. Creases at the fold and darkened strap holes show that it has been opened repeatedly at a bench.	Small	Poor	950.0	35.0	leather	Era / Renaissance Era;Market / Repair Supplies / Precision Repair Supplies;Functions / Repairing / Scientific Instrument	Holdable;Destroyable_Misc;Repair_Scientific_Instrument_Poor	Renaissance medical catalogue; category Repair.	Repair
renaissance_repair_scientific_instrument_repair_kit	kit	a scientific instrument repair kit	This scientific instrument repair kit is a orderly and workmanlike leather roll secured by two wrap straps. Its labelled pockets hold small leather-bound supplies sized for the named mechanism rather than a general assortment of tools. Creases at the fold and darkened strap holes show that it has been opened repeatedly at a bench.	Small	Standard	950.0	35.0	leather	Era / Renaissance Era;Market / Repair Supplies / Precision Repair Supplies;Functions / Repairing / Scientific Instrument	Holdable;Destroyable_Misc;Repair_Scientific_Instrument	Renaissance medical catalogue; category Repair.	Repair
renaissance_repair_fine_scientific_instrument_repair_kit	kit	a fine scientific instrument repair kit	This fine scientific instrument repair kit is a carefully fitted, with bright finished edges leather roll secured by two wrap straps. Its labelled pockets hold small leather-bound supplies sized for the named mechanism rather than a general assortment of tools. Creases at the fold and darkened strap holes show that it has been opened repeatedly at a bench.	Small	Good	950.0	35.0	leather	Era / Renaissance Era;Market / Repair Supplies / Precision Repair Supplies;Functions / Repairing / Scientific Instrument	Holdable;Destroyable_Misc;Repair_Scientific_Instrument_Good	Renaissance medical catalogue; category Repair.	Repair
renaissance_medical_chamomile_stock	stock	a chamomile stock	This chamomile stock is kept as a small, unprepared apothecary measure rather than a finished medicine. Its chamomile body is visibly sorted into dry pieces, grains, or resinous fragments whose colour and smell distinguish it from neighbouring jars. A tied paper label leaves room for a dispenser to record a source or dose without claiming a cure.	Small	Standard	90.0	5.0	chamomile	Era / Renaissance Era;Market / Medicine / Herbal Medicine;Functions / Medical Treatment / Chemical Remedy	Holdable;Destroyable_Misc	Renaissance medical catalogue; category Raw medical stock.	Raw medical stock
renaissance_medical_rosemary_stock	stock	a rosemary stock	This rosemary stock is kept as a small, unprepared apothecary measure rather than a finished medicine. Its rosemary body is visibly sorted into dry pieces, grains, or resinous fragments whose colour and smell distinguish it from neighbouring jars. A tied paper label leaves room for a dispenser to record a source or dose without claiming a cure.	Small	Standard	90.0	5.0	rosemary	Era / Renaissance Era;Market / Medicine / Herbal Medicine;Functions / Medical Treatment / Chemical Remedy	Holdable;Destroyable_Misc	Renaissance medical catalogue; category Raw medical stock.	Raw medical stock
renaissance_medical_ginger_stock	stock	a ginger stock	This ginger stock is kept as a small, unprepared apothecary measure rather than a finished medicine. Its ginger body is visibly sorted into dry pieces, grains, or resinous fragments whose colour and smell distinguish it from neighbouring jars. A tied paper label leaves room for a dispenser to record a source or dose without claiming a cure.	Small	Standard	90.0	5.0	ginger	Era / Renaissance Era;Market / Medicine / Herbal Medicine;Functions / Medical Treatment / Chemical Remedy	Holdable;Destroyable_Misc	Renaissance medical catalogue; category Raw medical stock.	Raw medical stock
renaissance_medical_cloves_stock	stock	a cloves stock	This cloves stock is kept as a small, unprepared apothecary measure rather than a finished medicine. Its cloves body is visibly sorted into dry pieces, grains, or resinous fragments whose colour and smell distinguish it from neighbouring jars. A tied paper label leaves room for a dispenser to record a source or dose without claiming a cure.	Small	Standard	90.0	5.0	cloves	Era / Renaissance Era;Market / Medicine / Herbal Medicine;Functions / Medical Treatment / Chemical Remedy	Holdable;Destroyable_Misc	Renaissance medical catalogue; category Raw medical stock.	Raw medical stock
renaissance_medical_cinnamon_stock	stock	a cinnamon stock	This cinnamon stock is kept as a small, unprepared apothecary measure rather than a finished medicine. Its cinnamon body is visibly sorted into dry pieces, grains, or resinous fragments whose colour and smell distinguish it from neighbouring jars. A tied paper label leaves room for a dispenser to record a source or dose without claiming a cure.	Small	Standard	90.0	5.0	cinnamon	Era / Renaissance Era;Market / Medicine / Herbal Medicine;Functions / Medical Treatment / Chemical Remedy	Holdable;Destroyable_Misc	Renaissance medical catalogue; category Raw medical stock.	Raw medical stock
renaissance_medical_camphor_stock	stock	a camphor stock	This camphor stock is kept as a small, unprepared apothecary measure rather than a finished medicine. Its camphor body is visibly sorted into dry pieces, grains, or resinous fragments whose colour and smell distinguish it from neighbouring jars. A tied paper label leaves room for a dispenser to record a source or dose without claiming a cure.	Small	Standard	90.0	5.0	camphor	Era / Renaissance Era;Market / Medicine / Herbal Medicine;Functions / Medical Treatment / Chemical Remedy	Holdable;Destroyable_Misc	Renaissance medical catalogue; category Raw medical stock.	Raw medical stock
renaissance_medical_benzoin_resin_stock	stock	a benzoin resin stock	This benzoin resin stock is kept as a small, unprepared apothecary measure rather than a finished medicine. Its benzoin resin body is visibly sorted into dry pieces, grains, or resinous fragments whose colour and smell distinguish it from neighbouring jars. A tied paper label leaves room for a dispenser to record a source or dose without claiming a cure.	Small	Standard	90.0	5.0	benzoin resin	Era / Renaissance Era;Market / Medicine / Herbal Medicine;Functions / Medical Treatment / Chemical Remedy	Holdable;Destroyable_Misc	Renaissance medical catalogue; category Raw medical stock.	Raw medical stock
renaissance_medical_myrrh_resin_stock	stock	a myrrh resin stock	This myrrh resin stock is kept as a small, unprepared apothecary measure rather than a finished medicine. Its myrrh resin body is visibly sorted into dry pieces, grains, or resinous fragments whose colour and smell distinguish it from neighbouring jars. A tied paper label leaves room for a dispenser to record a source or dose without claiming a cure.	Small	Standard	90.0	5.0	myrrh resin	Era / Renaissance Era;Market / Medicine / Herbal Medicine;Functions / Medical Treatment / Chemical Remedy	Holdable;Destroyable_Misc	Renaissance medical catalogue; category Raw medical stock.	Raw medical stock
renaissance_medical_opium_gum_stock	stock	an opium gum stock	This opium gum stock is kept as a small, unprepared apothecary measure rather than a finished medicine. Its opium gum body is visibly sorted into dry pieces, grains, or resinous fragments whose colour and smell distinguish it from neighbouring jars. A tied paper label leaves room for a dispenser to record a source or dose without claiming a cure.	Small	Standard	90.0	5.0	opium gum	Era / Renaissance Era;Market / Medicine / Herbal Medicine;Functions / Medical Treatment / Chemical Remedy	Holdable;Destroyable_Misc	Renaissance medical catalogue; category Raw medical stock.	Raw medical stock
renaissance_medical_guaiacum_wood_stock	stock	a guaiacum wood stock	This guaiacum wood stock is kept as a small, unprepared apothecary measure rather than a finished medicine. Its guaiacum wood body is visibly sorted into dry pieces, grains, or resinous fragments whose colour and smell distinguish it from neighbouring jars. A tied paper label leaves room for a dispenser to record a source or dose without claiming a cure.	Small	Standard	90.0	5.0	guaiacum wood	Era / Renaissance Era;Market / Medicine / Herbal Medicine;Functions / Medical Treatment / Chemical Remedy	Holdable;Destroyable_Misc	Renaissance medical catalogue; category Raw medical stock.	Raw medical stock
renaissance_medical_alum_stock	stock	an alum stock	This alum stock is kept as a small, unprepared apothecary measure rather than a finished medicine. Its alum body is visibly sorted into dry pieces, grains, or resinous fragments whose colour and smell distinguish it from neighbouring jars. A tied paper label leaves room for a dispenser to record a source or dose without claiming a cure.	Small	Standard	90.0	5.0	alum	Era / Renaissance Era;Market / Medicine / Herbal Medicine;Functions / Medical Treatment / Chemical Remedy	Holdable;Destroyable_Misc	Renaissance medical catalogue; category Raw medical stock.	Raw medical stock
renaissance_medical_peruvian_balsam_stock	stock	a Peruvian balsam stock	This Peruvian balsam stock is kept as a small, unprepared apothecary measure rather than a finished medicine. Its Peruvian balsam body is visibly sorted into dry pieces, grains, or resinous fragments whose colour and smell distinguish it from neighbouring jars. A tied paper label leaves room for a dispenser to record a source or dose without claiming a cure.	Small	Standard	90.0	5.0	Peruvian balsam	Era / Renaissance Era;Market / Medicine / Herbal Medicine;Functions / Medical Treatment / Chemical Remedy	Holdable;Destroyable_Misc	Renaissance medical catalogue; category Raw medical stock.	Raw medical stock
renaissance_medical_rhubarb_root_stock	stock	a rhubarb root stock	This rhubarb root stock is kept as a small, unprepared apothecary measure rather than a finished medicine. Its rhubarb root body is visibly sorted into dry pieces, grains, or resinous fragments whose colour and smell distinguish it from neighbouring jars. A tied paper label leaves room for a dispenser to record a source or dose without claiming a cure.	Small	Standard	90.0	5.0	rhubarb root	Era / Renaissance Era;Market / Medicine / Herbal Medicine;Functions / Medical Treatment / Chemical Remedy	Holdable;Destroyable_Misc	Renaissance medical catalogue; category Raw medical stock.	Raw medical stock
renaissance_medical_senna_leaf_stock	stock	a senna leaf stock	This senna leaf stock is kept as a small, unprepared apothecary measure rather than a finished medicine. Its senna leaf body is visibly sorted into dry pieces, grains, or resinous fragments whose colour and smell distinguish it from neighbouring jars. A tied paper label leaves room for a dispenser to record a source or dose without claiming a cure.	Small	Standard	90.0	5.0	senna leaf	Era / Renaissance Era;Market / Medicine / Herbal Medicine;Functions / Medical Treatment / Chemical Remedy	Holdable;Destroyable_Misc	Renaissance medical catalogue; category Raw medical stock.	Raw medical stock
renaissance_medical_sarsaparilla_root_stock	stock	a sarsaparilla root stock	This sarsaparilla root stock is kept as a small, unprepared apothecary measure rather than a finished medicine. Its sarsaparilla root body is visibly sorted into dry pieces, grains, or resinous fragments whose colour and smell distinguish it from neighbouring jars. A tied paper label leaves room for a dispenser to record a source or dose without claiming a cure.	Small	Standard	90.0	5.0	sarsaparilla root	Era / Renaissance Era;Market / Medicine / Herbal Medicine;Functions / Medical Treatment / Chemical Remedy	Holdable;Destroyable_Misc	Renaissance medical catalogue; category Raw medical stock.	Raw medical stock
renaissance_medical_sassafras_bark_stock	stock	a sassafras bark stock	This sassafras bark stock is kept as a small, unprepared apothecary measure rather than a finished medicine. Its sassafras bark body is visibly sorted into dry pieces, grains, or resinous fragments whose colour and smell distinguish it from neighbouring jars. A tied paper label leaves room for a dispenser to record a source or dose without claiming a cure.	Small	Standard	90.0	5.0	sassafras bark	Era / Renaissance Era;Market / Medicine / Herbal Medicine;Functions / Medical Treatment / Chemical Remedy	Holdable;Destroyable_Misc	Renaissance medical catalogue; category Raw medical stock.	Raw medical stock
renaissance_medical_turpentine_resin_stock	stock	a turpentine resin stock	This turpentine resin stock is kept as a small, unprepared apothecary measure rather than a finished medicine. Its turpentine resin body is visibly sorted into dry pieces, grains, or resinous fragments whose colour and smell distinguish it from neighbouring jars. A tied paper label leaves room for a dispenser to record a source or dose without claiming a cure.	Small	Standard	90.0	5.0	turpentine resin	Era / Renaissance Era;Market / Medicine / Herbal Medicine;Functions / Medical Treatment / Chemical Remedy	Holdable;Destroyable_Misc	Renaissance medical catalogue; category Raw medical stock.	Raw medical stock